Hodnoty pro confidence interval,,,,,,,,,,,,,,Doba,,,,,,,,,,,,,,,,,,,,
z,,"mam 5 stupnu volnosti  a confidence pro 0,975 -> tj. interval 0,95",,,,Nasobitel,100,,,,,,,"pro 25 embedingu, 1 iterace trvala 25 minut",,,,,,,,,,,,,,,,,,,,
2.2622,,,,,,,,,,,,,,,,5 iteraci,,,,,,,,,,,,,,,,,,
Pocet examplu,,,,,,,,,,,,,,tj. 6 * 25,150,750,"cca 12,5 hodin",,,,,,,,,,,,,,,,,
10,,,,,,,,,,,,,,,,,,,,,,,,,,,,,,,,,,
,,,,,,,,,,,,,,,,,,,,,,,,,,,,,,,,,,
,Type,avg acc/rank,w/o Italian acc/rank,english,german,latin,swedish,italian,reverse emb,emb_type,emb_dim,window,iter,use bin thld,use nearest neigh,compare method,k,Type,avg acc/rank,w/o Italian acc/rank,english,german,latin,swedish,italian,reverse emb,emb_type,emb_dim,window,iter,use bin thld,use nearest neigh,compare method,k
"repeat-1-:Namespace(compare_method='cosine', emb_algorithm='skipgram', emb_dim=25, emb_min_count=5, emb_type='fasttext', general_folder='meta-cca-5k', iter=5, k=1, max_links=5000, mean_centering=True, multi_process=0, num_repeat=10, num_workers=8, reverse_embedding=False, transformation='cca-java', unit_vectors=True, use_bin_thld=True, use_indexer=False, use_nearest_neig=False, we_words_limit=-1, window=5)",Binary overview,0.593,0.58,0.595,0.479,0.6,0.645,0.889,0,fasttext,25,5,5,1,0,cosine,1,Rank overview,,0.368,0.352,0.372,0.339,0.409,,0,fasttext,25,5,5,,,cosine,1
"repeat-2-:Namespace(compare_method='cosine', emb_algorithm='skipgram', emb_dim=25, emb_min_count=5, emb_type='fasttext', general_folder='meta-cca-5k', iter=5, k=1, max_links=5000, mean_centering=True, multi_process=0, num_repeat=10, num_workers=8, reverse_embedding=False, transformation='cca-java', unit_vectors=True, use_bin_thld=True, use_indexer=False, use_nearest_neig=False, we_words_limit=-1, window=5)",Binary overview,0.598,0.57,0.486,0.583,0.5,0.71,0.889,0,fasttext,25,5,5,1,0,cosine,1,Rank overview,,0.357,0.26,0.402,0.379,0.386,,0,fasttext,25,5,5,,,cosine,1
"repeat-3-:Namespace(compare_method='cosine', emb_algorithm='skipgram', emb_dim=25, emb_min_count=5, emb_type='fasttext', general_folder='meta-cca-5k', iter=5, k=1, max_links=5000, mean_centering=True, multi_process=0, num_repeat=10, num_workers=8, reverse_embedding=False, transformation='cca-java', unit_vectors=True, use_bin_thld=True, use_indexer=False, use_nearest_neig=False, we_words_limit=-1, window=5)",Binary overview,0.572,0.546,0.514,0.542,0.45,0.677,0.889,0,fasttext,25,5,5,1,0,cosine,1,Rank overview,,0.375,0.328,0.355,0.296,0.52,,0,fasttext,25,5,5,,,cosine,1
"repeat-4-:Namespace(compare_method='cosine', emb_algorithm='skipgram', emb_dim=25, emb_min_count=5, emb_type='fasttext', general_folder='meta-cca-5k', iter=5, k=1, max_links=5000, mean_centering=True, multi_process=0, num_repeat=10, num_workers=8, reverse_embedding=False, transformation='cca-java', unit_vectors=True, use_bin_thld=True, use_indexer=False, use_nearest_neig=False, we_words_limit=-1, window=5)",Binary overview,0.609,0.592,0.595,0.521,0.575,0.677,0.833,0,fasttext,25,5,5,1,0,cosine,1,Rank overview,,0.298,0.253,0.382,0.184,0.375,,0,fasttext,25,5,5,,,cosine,1
"repeat-5-:Namespace(compare_method='cosine', emb_algorithm='skipgram', emb_dim=25, emb_min_count=5, emb_type='fasttext', general_folder='meta-cca-5k', iter=5, k=1, max_links=5000, mean_centering=True, multi_process=0, num_repeat=10, num_workers=8, reverse_embedding=False, transformation='cca-java', unit_vectors=True, use_bin_thld=True, use_indexer=False, use_nearest_neig=False, we_words_limit=-1, window=5)",Binary overview,0.566,0.57,0.595,0.562,0.575,0.548,0.889,0,fasttext,25,5,5,1,0,cosine,1,Rank overview,,0.352,0.313,0.365,0.366,0.362,,0,fasttext,25,5,5,,,cosine,1
"repeat-6-:Namespace(compare_method='cosine', emb_algorithm='skipgram', emb_dim=25, emb_min_count=5, emb_type='fasttext', general_folder='meta-cca-5k', iter=5, k=1, max_links=5000, mean_centering=True, multi_process=0, num_repeat=10, num_workers=8, reverse_embedding=False, transformation='cca-java', unit_vectors=True, use_bin_thld=True, use_indexer=False, use_nearest_neig=False, we_words_limit=-1, window=5)",Binary overview,0.63,0.61,0.595,0.562,0.575,0.71,0.889,0,fasttext,25,5,5,1,0,cosine,1,Rank overview,,0.387,0.263,0.351,0.422,0.511,,0,fasttext,25,5,5,,,cosine,1
"repeat-7-:Namespace(compare_method='cosine', emb_algorithm='skipgram', emb_dim=25, emb_min_count=5, emb_type='fasttext', general_folder='meta-cca-5k', iter=5, k=1, max_links=5000, mean_centering=True, multi_process=0, num_repeat=10, num_workers=8, reverse_embedding=False, transformation='cca-java', unit_vectors=True, use_bin_thld=True, use_indexer=False, use_nearest_neig=False, we_words_limit=-1, window=5)",Binary overview,0.598,0.578,0.595,0.542,0.5,0.677,0.889,0,fasttext,25,5,5,1,0,cosine,1,Rank overview,,0.354,0.3,0.374,0.396,0.345,,0,fasttext,25,5,5,,,cosine,1
"repeat-8-:Namespace(compare_method='cosine', emb_algorithm='skipgram', emb_dim=25, emb_min_count=5, emb_type='fasttext', general_folder='meta-cca-5k', iter=5, k=1, max_links=5000, mean_centering=True, multi_process=0, num_repeat=10, num_workers=8, reverse_embedding=False, transformation='cca-java', unit_vectors=True, use_bin_thld=True, use_indexer=False, use_nearest_neig=False, we_words_limit=-1, window=5)",Binary overview,0.597,0.593,0.622,0.562,0.575,0.613,0.889,0,fasttext,25,5,5,1,0,cosine,1,Rank overview,,0.385,0.315,0.404,0.364,0.455,,0,fasttext,25,5,5,,,cosine,1
"repeat-9-:Namespace(compare_method='cosine', emb_algorithm='skipgram', emb_dim=25, emb_min_count=5, emb_type='fasttext', general_folder='meta-cca-5k', iter=5, k=1, max_links=5000, mean_centering=True, multi_process=0, num_repeat=10, num_workers=8, reverse_embedding=False, transformation='cca-java', unit_vectors=True, use_bin_thld=True, use_indexer=False, use_nearest_neig=False, we_words_limit=-1, window=5)",Binary overview,0.588,0.574,0.514,0.562,0.575,0.645,0.889,0,fasttext,25,5,5,1,0,cosine,1,Rank overview,,0.352,0.264,0.345,0.335,0.465,,0,fasttext,25,5,5,,,cosine,1
"repeat-10-:Namespace(compare_method='cosine', emb_algorithm='skipgram', emb_dim=25, emb_min_count=5, emb_type='fasttext', general_folder='meta-cca-5k', iter=5, k=1, max_links=5000, mean_centering=True, multi_process=0, num_repeat=10, num_workers=8, reverse_embedding=False, transformation='cca-java', unit_vectors=True, use_bin_thld=True, use_indexer=False, use_nearest_neig=False, we_words_limit=-1, window=5)",Binary overview,0.575,0.566,0.568,0.583,0.5,0.613,0.889,0,fasttext,25,5,5,1,0,cosine,1,Rank overview,,0.346,0.224,0.432,0.332,0.396,,0,fasttext,25,5,5,,,cosine,1
,Avg:,59.260,57.790,56.790,54.980,54.250,65.150,88.340,,,,,,,,,,Avg:,,35.740,28.720,37.820,34.130,42.240,,,,,,,,,,
,Std:,1.791,1.662,4.372,2.960,4.750,4.749,1.680,,,,,,,,,,Std:,,2.406,3.807,2.598,6.243,5.860,,,,,,,,,,
,Confidence:,1.281,1.189,3.128,2.118,3.398,3.398,1.202,,,,,,,,,,Confidence:,,1.721,2.723,1.859,4.466,4.192,,,,,,,,,,
,,,,,,,,,,,,,,,,,,,,,,,,,,,,,,,,,,
,,,,,,,,,,,,,,,,,,,,,,,,,,,,,,,,,,
"repeat-1-:Namespace(compare_method='cosine', emb_algorithm='skipgram', emb_dim=50, emb_min_count=5, emb_type='fasttext', general_folder='meta-cca-5k', iter=5, k=1, max_links=5000, mean_centering=True, multi_process=0, num_repeat=10, num_workers=8, reverse_embedding=False, transformation='cca-java', unit_vectors=True, use_bin_thld=True, use_indexer=False, use_nearest_neig=False, we_words_limit=-1, window=5)",Binary overview,0.641,0.615,0.595,0.625,0.5,0.742,0.889,0,fasttext,50,5,5,1,0,cosine,1,Rank overview,,0.418,0.352,0.469,0.223,0.628,,0,fasttext,50,5,5,,,cosine,1
"repeat-2-:Namespace(compare_method='cosine', emb_algorithm='skipgram', emb_dim=50, emb_min_count=5, emb_type='fasttext', general_folder='meta-cca-5k', iter=5, k=1, max_links=5000, mean_centering=True, multi_process=0, num_repeat=10, num_workers=8, reverse_embedding=False, transformation='cca-java', unit_vectors=True, use_bin_thld=True, use_indexer=False, use_nearest_neig=False, we_words_limit=-1, window=5)",Binary overview,0.631,0.611,0.568,0.667,0.5,0.71,0.833,0,fasttext,50,5,5,1,0,cosine,1,Rank overview,,0.394,0.348,0.445,0.236,0.549,,0,fasttext,50,5,5,,,cosine,1
"repeat-3-:Namespace(compare_method='cosine', emb_algorithm='skipgram', emb_dim=50, emb_min_count=5, emb_type='fasttext', general_folder='meta-cca-5k', iter=5, k=1, max_links=5000, mean_centering=True, multi_process=0, num_repeat=10, num_workers=8, reverse_embedding=False, transformation='cca-java', unit_vectors=True, use_bin_thld=True, use_indexer=False, use_nearest_neig=False, we_words_limit=-1, window=5)",Binary overview,0.628,0.616,0.622,0.688,0.475,0.677,0.889,0,fasttext,50,5,5,1,0,cosine,1,Rank overview,,0.437,0.356,0.475,0.317,0.601,,0,fasttext,50,5,5,,,cosine,1
"repeat-4-:Namespace(compare_method='cosine', emb_algorithm='skipgram', emb_dim=50, emb_min_count=5, emb_type='fasttext', general_folder='meta-cca-5k', iter=5, k=1, max_links=5000, mean_centering=True, multi_process=0, num_repeat=10, num_workers=8, reverse_embedding=False, transformation='cca-java', unit_vectors=True, use_bin_thld=True, use_indexer=False, use_nearest_neig=False, we_words_limit=-1, window=5)",Binary overview,0.61,0.61,0.568,0.708,0.55,0.613,0.889,0,fasttext,50,5,5,1,0,cosine,1,Rank overview,,0.4,0.418,0.435,0.263,0.482,,0,fasttext,50,5,5,,,cosine,1
"repeat-5-:Namespace(compare_method='cosine', emb_algorithm='skipgram', emb_dim=50, emb_min_count=5, emb_type='fasttext', general_folder='meta-cca-5k', iter=5, k=1, max_links=5000, mean_centering=True, multi_process=0, num_repeat=10, num_workers=8, reverse_embedding=False, transformation='cca-java', unit_vectors=True, use_bin_thld=True, use_indexer=False, use_nearest_neig=False, we_words_limit=-1, window=5)",Binary overview,0.622,0.608,0.568,0.688,0.5,0.677,0.889,0,fasttext,50,5,5,1,0,cosine,1,Rank overview,,0.432,0.352,0.496,0.286,0.593,,0,fasttext,50,5,5,,,cosine,1
"repeat-6-:Namespace(compare_method='cosine', emb_algorithm='skipgram', emb_dim=50, emb_min_count=5, emb_type='fasttext', general_folder='meta-cca-5k', iter=5, k=1, max_links=5000, mean_centering=True, multi_process=0, num_repeat=10, num_workers=8, reverse_embedding=False, transformation='cca-java', unit_vectors=True, use_bin_thld=True, use_indexer=False, use_nearest_neig=False, we_words_limit=-1, window=5)",Binary overview,0.64,0.639,0.622,0.688,0.6,0.645,0.889,0,fasttext,50,5,5,1,0,cosine,1,Rank overview,,0.425,0.309,0.516,0.374,0.501,,0,fasttext,50,5,5,,,cosine,1
"repeat-7-:Namespace(compare_method='cosine', emb_algorithm='skipgram', emb_dim=50, emb_min_count=5, emb_type='fasttext', general_folder='meta-cca-5k', iter=5, k=1, max_links=5000, mean_centering=True, multi_process=0, num_repeat=10, num_workers=8, reverse_embedding=False, transformation='cca-java', unit_vectors=True, use_bin_thld=True, use_indexer=False, use_nearest_neig=False, we_words_limit=-1, window=5)",Binary overview,0.635,0.616,0.541,0.688,0.525,0.71,0.889,0,fasttext,50,5,5,1,0,cosine,1,Rank overview,,0.42,0.297,0.473,0.331,0.579,,0,fasttext,50,5,5,,,cosine,1
"repeat-8-:Namespace(compare_method='cosine', emb_algorithm='skipgram', emb_dim=50, emb_min_count=5, emb_type='fasttext', general_folder='meta-cca-5k', iter=5, k=1, max_links=5000, mean_centering=True, multi_process=0, num_repeat=10, num_workers=8, reverse_embedding=False, transformation='cca-java', unit_vectors=True, use_bin_thld=True, use_indexer=False, use_nearest_neig=False, we_words_limit=-1, window=5)",Binary overview,0.615,0.599,0.595,0.625,0.5,0.677,0.889,0,fasttext,50,5,5,1,0,cosine,1,Rank overview,,0.429,0.282,0.501,0.354,0.58,,0,fasttext,50,5,5,,,cosine,1
"repeat-9-:Namespace(compare_method='cosine', emb_algorithm='skipgram', emb_dim=50, emb_min_count=5, emb_type='fasttext', general_folder='meta-cca-5k', iter=5, k=1, max_links=5000, mean_centering=True, multi_process=0, num_repeat=10, num_workers=8, reverse_embedding=False, transformation='cca-java', unit_vectors=True, use_bin_thld=True, use_indexer=False, use_nearest_neig=False, we_words_limit=-1, window=5)",Binary overview,0.645,0.629,0.568,0.688,0.55,0.71,0.833,0,fasttext,50,5,5,1,0,cosine,1,Rank overview,,0.485,0.405,0.451,0.396,0.688,,0,fasttext,50,5,5,,,cosine,1
"repeat-10-:Namespace(compare_method='cosine', emb_algorithm='skipgram', emb_dim=50, emb_min_count=5, emb_type='fasttext', general_folder='meta-cca-5k', iter=5, k=1, max_links=5000, mean_centering=True, multi_process=0, num_repeat=10, num_workers=8, reverse_embedding=False, transformation='cca-java', unit_vectors=True, use_bin_thld=True, use_indexer=False, use_nearest_neig=False, we_words_limit=-1, window=5)",Binary overview,0.644,0.636,0.703,0.688,0.475,0.677,0.833,0,fasttext,50,5,5,1,0,cosine,1,Rank overview,,0.422,0.42,0.415,0.331,0.52,,0,fasttext,50,5,5,,,cosine,1
,Avg:,63.110,61.790,59.500,67.530,51.750,68.380,87.220,,,,,,,,,,Avg:,,42.620,35.390,46.760,31.110,57.210,,,,,,,,,,
,Std:,1.161,1.215,4.354,2.677,3.717,3.486,2.566,,,,,,,,,,Std:,,2.337,4.643,2.994,5.493,5.862,,,,,,,,,,
,Confidence:,0.831,0.869,3.114,1.915,2.659,2.494,1.836,,,,,,,,,,Confidence:,,1.672,3.322,2.142,3.930,4.193,,,,,,,,,,
,,,,,,,,,,,,,,,,,,,,,,,,,,,,,,,,,,
,,,,,,,,,,,,,,,,,,,,,,,,,,,,,,,,,,
"repeat-1-:Namespace(compare_method='cosine', emb_algorithm='skipgram', emb_dim=75, emb_min_count=5, emb_type='fasttext', general_folder='meta-cca-5k', iter=5, k=1, max_links=5000, mean_centering=True, multi_process=0, num_repeat=10, num_workers=8, reverse_embedding=False, transformation='cca-java', unit_vectors=True, use_bin_thld=True, use_indexer=False, use_nearest_neig=False, we_words_limit=-1, window=5)",Binary overview,0.606,0.588,0.514,0.688,0.475,0.677,0.889,0,fasttext,75,5,5,1,0,cosine,1,Rank overview,,0.389,0.248,0.435,0.289,0.585,,0,fasttext,75,5,5,,,cosine,1
"repeat-2-:Namespace(compare_method='cosine', emb_algorithm='skipgram', emb_dim=75, emb_min_count=5, emb_type='fasttext', general_folder='meta-cca-5k', iter=5, k=1, max_links=5000, mean_centering=True, multi_process=0, num_repeat=10, num_workers=8, reverse_embedding=False, transformation='cca-java', unit_vectors=True, use_bin_thld=True, use_indexer=False, use_nearest_neig=False, we_words_limit=-1, window=5)",Binary overview,0.649,0.634,0.568,0.708,0.55,0.71,0.889,0,fasttext,75,5,5,1,0,cosine,1,Rank overview,,0.457,0.432,0.497,0.318,0.581,,0,fasttext,75,5,5,,,cosine,1
"repeat-3-:Namespace(compare_method='cosine', emb_algorithm='skipgram', emb_dim=75, emb_min_count=5, emb_type='fasttext', general_folder='meta-cca-5k', iter=5, k=1, max_links=5000, mean_centering=True, multi_process=0, num_repeat=10, num_workers=8, reverse_embedding=False, transformation='cca-java', unit_vectors=True, use_bin_thld=True, use_indexer=False, use_nearest_neig=False, we_words_limit=-1, window=5)",Binary overview,0.623,0.61,0.541,0.646,0.575,0.677,0.889,0,fasttext,75,5,5,1,0,cosine,1,Rank overview,,0.43,0.329,0.482,0.378,0.53,,0,fasttext,75,5,5,,,cosine,1
"repeat-4-:Namespace(compare_method='cosine', emb_algorithm='skipgram', emb_dim=75, emb_min_count=5, emb_type='fasttext', general_folder='meta-cca-5k', iter=5, k=1, max_links=5000, mean_centering=True, multi_process=0, num_repeat=10, num_workers=8, reverse_embedding=False, transformation='cca-java', unit_vectors=True, use_bin_thld=True, use_indexer=False, use_nearest_neig=False, we_words_limit=-1, window=5)",Binary overview,0.62,0.614,0.568,0.667,0.575,0.645,0.889,0,fasttext,75,5,5,1,0,cosine,1,Rank overview,,0.462,0.376,0.483,0.369,0.621,,0,fasttext,75,5,5,,,cosine,1
"repeat-5-:Namespace(compare_method='cosine', emb_algorithm='skipgram', emb_dim=75, emb_min_count=5, emb_type='fasttext', general_folder='meta-cca-5k', iter=5, k=1, max_links=5000, mean_centering=True, multi_process=0, num_repeat=10, num_workers=8, reverse_embedding=False, transformation='cca-java', unit_vectors=True, use_bin_thld=True, use_indexer=False, use_nearest_neig=False, we_words_limit=-1, window=5)",Binary overview,0.624,0.61,0.514,0.625,0.625,0.677,0.889,0,fasttext,75,5,5,1,0,cosine,1,Rank overview,,0.434,0.262,0.47,0.374,0.629,,0,fasttext,75,5,5,,,cosine,1
"repeat-6-:Namespace(compare_method='cosine', emb_algorithm='skipgram', emb_dim=75, emb_min_count=5, emb_type='fasttext', general_folder='meta-cca-5k', iter=5, k=1, max_links=5000, mean_centering=True, multi_process=0, num_repeat=10, num_workers=8, reverse_embedding=False, transformation='cca-java', unit_vectors=True, use_bin_thld=True, use_indexer=False, use_nearest_neig=False, we_words_limit=-1, window=5)",Binary overview,0.681,0.658,0.514,0.667,0.675,0.774,0.889,0,fasttext,75,5,5,1,0,cosine,1,Rank overview,,0.448,0.339,0.498,0.414,0.542,,0,fasttext,75,5,5,,,cosine,1
"repeat-7-:Namespace(compare_method='cosine', emb_algorithm='skipgram', emb_dim=75, emb_min_count=5, emb_type='fasttext', general_folder='meta-cca-5k', iter=5, k=1, max_links=5000, mean_centering=True, multi_process=0, num_repeat=10, num_workers=8, reverse_embedding=False, transformation='cca-java', unit_vectors=True, use_bin_thld=True, use_indexer=False, use_nearest_neig=False, we_words_limit=-1, window=5)",Binary overview,0.672,0.654,0.568,0.708,0.6,0.742,0.889,0,fasttext,75,5,5,1,0,cosine,1,Rank overview,,0.451,0.311,0.521,0.404,0.569,,0,fasttext,75,5,5,,,cosine,1
"repeat-8-:Namespace(compare_method='cosine', emb_algorithm='skipgram', emb_dim=75, emb_min_count=5, emb_type='fasttext', general_folder='meta-cca-5k', iter=5, k=1, max_links=5000, mean_centering=True, multi_process=0, num_repeat=10, num_workers=8, reverse_embedding=False, transformation='cca-java', unit_vectors=True, use_bin_thld=True, use_indexer=False, use_nearest_neig=False, we_words_limit=-1, window=5)",Binary overview,0.634,0.615,0.541,0.708,0.5,0.71,0.889,0,fasttext,75,5,5,1,0,cosine,1,Rank overview,,0.453,0.347,0.516,0.356,0.593,,0,fasttext,75,5,5,,,cosine,1
"repeat-9-:Namespace(compare_method='cosine', emb_algorithm='skipgram', emb_dim=75, emb_min_count=5, emb_type='fasttext', general_folder='meta-cca-5k', iter=5, k=1, max_links=5000, mean_centering=True, multi_process=0, num_repeat=10, num_workers=8, reverse_embedding=False, transformation='cca-java', unit_vectors=True, use_bin_thld=True, use_indexer=False, use_nearest_neig=False, we_words_limit=-1, window=5)",Binary overview,0.606,0.589,0.595,0.583,0.5,0.677,0.889,0,fasttext,75,5,5,1,0,cosine,1,Rank overview,,0.413,0.386,0.474,0.259,0.532,,0,fasttext,75,5,5,,,cosine,1
"repeat-10-:Namespace(compare_method='cosine', emb_algorithm='skipgram', emb_dim=75, emb_min_count=5, emb_type='fasttext', general_folder='meta-cca-5k', iter=5, k=1, max_links=5000, mean_centering=True, multi_process=0, num_repeat=10, num_workers=8, reverse_embedding=False, transformation='cca-java', unit_vectors=True, use_bin_thld=True, use_indexer=False, use_nearest_neig=False, we_words_limit=-1, window=5)",Binary overview,0.624,0.61,0.568,0.646,0.55,0.677,0.889,0,fasttext,75,5,5,1,0,cosine,1,Rank overview,,0.417,0.434,0.462,0.246,0.527,,0,fasttext,75,5,5,,,cosine,1
,Avg:,63.390,61.820,54.910,66.460,56.250,69.660,88.900,,,,,,,,,,Avg:,,43.540,34.640,48.380,34.070,57.090,,,,,,,,,,
,Std:,2.442,2.260,2.713,3.890,5.836,3.605,0.000,,,,,,,,,,Std:,,2.216,5.989,2.438,5.634,3.553,,,,,,,,,,
,Confidence:,1.747,1.617,1.941,2.782,4.175,2.579,0.000,,,,,,,,,,Confidence:,,1.585,4.284,1.744,4.031,2.542,,,,,,,,,,
,,,,,,,,,,,,,,,,,,,,,,,,,,,,,,,,,,
,,,,,,,,,,,,,,,,,,,,,,,,,,,,,,,,,,
"repeat-1-:Namespace(compare_method='cosine', emb_algorithm='skipgram', emb_dim=100, emb_min_count=5, emb_type='fasttext', general_folder='meta-cca-5k', iter=5, k=1, max_links=5000, mean_centering=True, multi_process=0, num_repeat=10, num_workers=8, reverse_embedding=False, transformation='cca-java', unit_vectors=True, use_bin_thld=True, use_indexer=False, use_nearest_neig=False, we_words_limit=-1, window=5)",Binary overview,0.653,0.631,0.676,0.604,0.5,0.742,0.889,0,fasttext,100,5,5,1,0,cosine,1,Rank overview,,0.449,0.471,0.484,0.285,0.557,,0,fasttext,100,5,5,,,cosine,1
"repeat-2-:Namespace(compare_method='cosine', emb_algorithm='skipgram', emb_dim=100, emb_min_count=5, emb_type='fasttext', general_folder='meta-cca-5k', iter=5, k=1, max_links=5000, mean_centering=True, multi_process=0, num_repeat=10, num_workers=8, reverse_embedding=False, transformation='cca-java', unit_vectors=True, use_bin_thld=True, use_indexer=False, use_nearest_neig=False, we_words_limit=-1, window=5)",Binary overview,0.674,0.649,0.622,0.625,0.575,0.774,0.889,0,fasttext,100,5,5,1,0,cosine,1,Rank overview,,0.467,0.402,0.463,0.396,0.607,,0,fasttext,100,5,5,,,cosine,1
"repeat-3-:Namespace(compare_method='cosine', emb_algorithm='skipgram', emb_dim=100, emb_min_count=5, emb_type='fasttext', general_folder='meta-cca-5k', iter=5, k=1, max_links=5000, mean_centering=True, multi_process=0, num_repeat=10, num_workers=8, reverse_embedding=False, transformation='cca-java', unit_vectors=True, use_bin_thld=True, use_indexer=False, use_nearest_neig=False, we_words_limit=-1, window=5)",Binary overview,0.617,0.61,0.568,0.625,0.6,0.645,0.889,0,fasttext,100,5,5,1,0,cosine,1,Rank overview,,0.452,0.449,0.462,0.362,0.533,,0,fasttext,100,5,5,,,cosine,1
"repeat-4-:Namespace(compare_method='cosine', emb_algorithm='skipgram', emb_dim=100, emb_min_count=5, emb_type='fasttext', general_folder='meta-cca-5k', iter=5, k=1, max_links=5000, mean_centering=True, multi_process=0, num_repeat=10, num_workers=8, reverse_embedding=False, transformation='cca-java', unit_vectors=True, use_bin_thld=True, use_indexer=False, use_nearest_neig=False, we_words_limit=-1, window=5)",Binary overview,0.665,0.662,0.649,0.646,0.675,0.677,0.833,0,fasttext,100,5,5,1,0,cosine,1,Rank overview,,0.425,0.362,0.488,0.266,0.583,,0,fasttext,100,5,5,,,cosine,1
"repeat-5-:Namespace(compare_method='cosine', emb_algorithm='skipgram', emb_dim=100, emb_min_count=5, emb_type='fasttext', general_folder='meta-cca-5k', iter=5, k=1, max_links=5000, mean_centering=True, multi_process=0, num_repeat=10, num_workers=8, reverse_embedding=False, transformation='cca-java', unit_vectors=True, use_bin_thld=True, use_indexer=False, use_nearest_neig=False, we_words_limit=-1, window=5)",Binary overview,0.612,0.603,0.568,0.625,0.575,0.645,0.833,0,fasttext,100,5,5,1,0,cosine,1,Rank overview,,0.414,0.423,0.446,0.216,0.573,,0,fasttext,100,5,5,,,cosine,1
"repeat-6-:Namespace(compare_method='cosine', emb_algorithm='skipgram', emb_dim=100, emb_min_count=5, emb_type='fasttext', general_folder='meta-cca-5k', iter=5, k=1, max_links=5000, mean_centering=True, multi_process=0, num_repeat=10, num_workers=8, reverse_embedding=False, transformation='cca-java', unit_vectors=True, use_bin_thld=True, use_indexer=False, use_nearest_neig=False, we_words_limit=-1, window=5)",Binary overview,0.634,0.623,0.568,0.646,0.6,0.677,0.889,0,fasttext,100,5,5,1,0,cosine,1,Rank overview,,0.453,0.438,0.493,0.35,0.531,,0,fasttext,100,5,5,,,cosine,1
"repeat-7-:Namespace(compare_method='cosine', emb_algorithm='skipgram', emb_dim=100, emb_min_count=5, emb_type='fasttext', general_folder='meta-cca-5k', iter=5, k=1, max_links=5000, mean_centering=True, multi_process=0, num_repeat=10, num_workers=8, reverse_embedding=False, transformation='cca-java', unit_vectors=True, use_bin_thld=True, use_indexer=False, use_nearest_neig=False, we_words_limit=-1, window=5)",Binary overview,0.623,0.601,0.568,0.625,0.5,0.71,0.889,0,fasttext,100,5,5,1,0,cosine,1,Rank overview,,0.464,0.377,0.477,0.442,0.561,,0,fasttext,100,5,5,,,cosine,1
"repeat-8-:Namespace(compare_method='cosine', emb_algorithm='skipgram', emb_dim=100, emb_min_count=5, emb_type='fasttext', general_folder='meta-cca-5k', iter=5, k=1, max_links=5000, mean_centering=True, multi_process=0, num_repeat=10, num_workers=8, reverse_embedding=False, transformation='cca-java', unit_vectors=True, use_bin_thld=True, use_indexer=False, use_nearest_neig=False, we_words_limit=-1, window=5)",Binary overview,0.631,0.627,0.622,0.667,0.575,0.645,0.889,0,fasttext,100,5,5,1,0,cosine,1,Rank overview,,0.466,0.393,0.517,0.365,0.59,,0,fasttext,100,5,5,,,cosine,1
"repeat-9-:Namespace(compare_method='cosine', emb_algorithm='skipgram', emb_dim=100, emb_min_count=5, emb_type='fasttext', general_folder='meta-cca-5k', iter=5, k=1, max_links=5000, mean_centering=True, multi_process=0, num_repeat=10, num_workers=8, reverse_embedding=False, transformation='cca-java', unit_vectors=True, use_bin_thld=True, use_indexer=False, use_nearest_neig=False, we_words_limit=-1, window=5)",Binary overview,0.63,0.618,0.541,0.604,0.65,0.677,0.889,0,fasttext,100,5,5,1,0,cosine,1,Rank overview,,0.44,0.399,0.454,0.355,0.552,,0,fasttext,100,5,5,,,cosine,1
"repeat-10-:Namespace(compare_method='cosine', emb_algorithm='skipgram', emb_dim=100, emb_min_count=5, emb_type='fasttext', general_folder='meta-cca-5k', iter=5, k=1, max_links=5000, mean_centering=True, multi_process=0, num_repeat=10, num_workers=8, reverse_embedding=False, transformation='cca-java', unit_vectors=True, use_bin_thld=True, use_indexer=False, use_nearest_neig=False, we_words_limit=-1, window=5)",Binary overview,0.59,0.584,0.568,0.604,0.55,0.613,0.889,0,fasttext,100,5,5,1,0,cosine,1,Rank overview,,0.47,0.431,0.447,0.417,0.586,,0,fasttext,100,5,5,,,cosine,1
,Avg:,63.290,62.080,59.500,62.710,58.000,68.050,87.780,,,,,,,,,,Avg:,,45.000,41.450,47.310,34.540,56.730,,,,,,,,,,
,Std:,2.401,2.197,4.183,1.981,5.339,4.666,2.240,,,,,,,,,,Std:,,1.782,3.209,2.164,6.670,2.365,,,,,,,,,,
,Confidence:,1.718,1.572,2.992,1.417,3.819,3.338,1.602,,,,,,,,,,Confidence:,,1.275,2.296,1.548,4.771,1.692,,,,,,,,,,
,,,,,,,,,,,,,,,,,,,,,,,,,,,,,,,,,,
,,,,,,,,,,,,,,,,,,,,,,,,,,,,,,,,,,
,,,,,,,,,,,,,,,,,,,,,,,,,,,,,,,,,,
,,,,,,,,,,,,,,,,,,,,,,,,,,,,,,,,,,
,,,,,,,,,,,,,,,,,,,,,,,,,,,,,,,,,,
,,,,,,,,,,,,,,,,,,,,,,,,,,,,,,,,,,
,,,,,,,,,,,,,,,,,,,,,,,,,,,,,,,,,,
,,,,,,,,,,,,,,,,,,,,,,,,,,,,,,,,,,
,,,,,,,,,,,,,,,,,,,,,,,,,,,,,,,,,,
,,,,,,,,,,,,,,,,,,,,,,,,,,,,,,,,,,
,,,,,,,,,,,,,,,,,,,,,,,,,,,,,,,,,,
,,,,,,,,,,,,,,,,,,,,,,,,,,,,,,,,,,
,Avg:,#DIV/0!,#DIV/0!,#DIV/0!,#DIV/0!,#DIV/0!,#DIV/0!,#DIV/0!,,,,,,,,,,Avg:,,#DIV/0!,#DIV/0!,#DIV/0!,#DIV/0!,#DIV/0!,,,,,,,,,,
,Std:,#DIV/0!,#DIV/0!,#DIV/0!,#DIV/0!,#DIV/0!,#DIV/0!,#DIV/0!,,,,,,,,,,Std:,,#DIV/0!,#DIV/0!,#DIV/0!,#DIV/0!,#DIV/0!,,,,,,,,,,
,Confidence:,#DIV/0!,#DIV/0!,#DIV/0!,#DIV/0!,#DIV/0!,#DIV/0!,#DIV/0!,,,,,,,,,,Confidence:,,#DIV/0!,#DIV/0!,#DIV/0!,#DIV/0!,#DIV/0!,,,,,,,,,,
,,,,,,,,,,,,,,,,,,,,,,,,,,,,,,,,,,
,,,,,,,,,,,,,,,,,,,,,,,,,,,,,,,,,,
"repeat-1-:Namespace(compare_method='cosine', emb_algorithm='skipgram', emb_dim=150, emb_min_count=5, emb_type='fasttext', general_folder='meta-cca-5k', iter=5, k=1, max_links=5000, mean_centering=True, multi_process=0, num_repeat=10, num_workers=8, reverse_embedding=False, transformation='cca-java', unit_vectors=True, use_bin_thld=True, use_indexer=False, use_nearest_neig=False, we_words_limit=-1, window=5)",Binary overview,0.603,0.601,0.595,0.646,0.55,0.613,0.833,0,fasttext,150,5,5,1,0,cosine,1,Rank overview,,0.418,0.327,0.5,0.249,0.596,,0,fasttext,150,5,5,,,cosine,1
"repeat-2-:Namespace(compare_method='cosine', emb_algorithm='skipgram', emb_dim=150, emb_min_count=5, emb_type='fasttext', general_folder='meta-cca-5k', iter=5, k=1, max_links=5000, mean_centering=True, multi_process=0, num_repeat=10, num_workers=8, reverse_embedding=False, transformation='cca-java', unit_vectors=True, use_bin_thld=True, use_indexer=False, use_nearest_neig=False, we_words_limit=-1, window=5)",Binary overview,0.63,0.626,0.568,0.667,0.625,0.645,0.833,0,fasttext,150,5,5,1,0,cosine,1,Rank overview,,0.425,0.38,0.474,0.259,0.586,,0,fasttext,150,5,5,,,cosine,1
"repeat-3-:Namespace(compare_method='cosine', emb_algorithm='skipgram', emb_dim=150, emb_min_count=5, emb_type='fasttext', general_folder='meta-cca-5k', iter=5, k=1, max_links=5000, mean_centering=True, multi_process=0, num_repeat=10, num_workers=8, reverse_embedding=False, transformation='cca-java', unit_vectors=True, use_bin_thld=True, use_indexer=False, use_nearest_neig=False, we_words_limit=-1, window=5)",Binary overview,0.653,0.638,0.676,0.667,0.5,0.71,0.889,0,fasttext,150,5,5,1,0,cosine,1,Rank overview,,0.438,0.477,0.53,0.175,0.568,,0,fasttext,150,5,5,,,cosine,1
"repeat-4-:Namespace(compare_method='cosine', emb_algorithm='skipgram', emb_dim=150, emb_min_count=5, emb_type='fasttext', general_folder='meta-cca-5k', iter=5, k=1, max_links=5000, mean_centering=True, multi_process=0, num_repeat=10, num_workers=8, reverse_embedding=False, transformation='cca-java', unit_vectors=True, use_bin_thld=True, use_indexer=False, use_nearest_neig=False, we_words_limit=-1, window=5)",Binary overview,0.619,0.605,0.568,0.625,0.55,0.677,0.889,0,fasttext,150,5,5,1,0,cosine,1,Rank overview,,0.408,0.468,0.507,0.179,0.476,,0,fasttext,150,5,5,,,cosine,1
"repeat-5-:Namespace(compare_method='cosine', emb_algorithm='skipgram', emb_dim=150, emb_min_count=5, emb_type='fasttext', general_folder='meta-cca-5k', iter=5, k=1, max_links=5000, mean_centering=True, multi_process=0, num_repeat=10, num_workers=8, reverse_embedding=False, transformation='cca-java', unit_vectors=True, use_bin_thld=True, use_indexer=False, use_nearest_neig=False, we_words_limit=-1, window=5)",Binary overview,0.634,0.623,0.595,0.646,0.575,0.677,0.833,0,fasttext,150,5,5,1,0,cosine,1,Rank overview,,0.498,0.489,0.495,0.39,0.617,,0,fasttext,150,5,5,,,cosine,1
"repeat-6-:Namespace(compare_method='cosine', emb_algorithm='skipgram', emb_dim=150, emb_min_count=5, emb_type='fasttext', general_folder='meta-cca-5k', iter=5, k=1, max_links=5000, mean_centering=True, multi_process=0, num_repeat=10, num_workers=8, reverse_embedding=False, transformation='cca-java', unit_vectors=True, use_bin_thld=True, use_indexer=False, use_nearest_neig=False, we_words_limit=-1, window=5)",Binary overview,0.626,0.621,0.622,0.667,0.55,0.645,0.889,0,fasttext,150,5,5,1,0,cosine,1,Rank overview,,0.461,0.421,0.494,0.3,0.629,,0,fasttext,150,5,5,,,cosine,1
"repeat-7-:Namespace(compare_method='cosine', emb_algorithm='skipgram', emb_dim=150, emb_min_count=5, emb_type='fasttext', general_folder='meta-cca-5k', iter=5, k=1, max_links=5000, mean_centering=True, multi_process=0, num_repeat=10, num_workers=8, reverse_embedding=False, transformation='cca-java', unit_vectors=True, use_bin_thld=True, use_indexer=False, use_nearest_neig=False, we_words_limit=-1, window=5)",Binary overview,0.663,0.644,0.541,0.667,0.625,0.742,0.833,0,fasttext,150,5,5,1,0,cosine,1,Rank overview,,0.475,0.467,0.514,0.304,0.613,,0,fasttext,150,5,5,,,cosine,1
"repeat-8-:Namespace(compare_method='cosine', emb_algorithm='skipgram', emb_dim=150, emb_min_count=5, emb_type='fasttext', general_folder='meta-cca-5k', iter=5, k=1, max_links=5000, mean_centering=True, multi_process=0, num_repeat=10, num_workers=8, reverse_embedding=False, transformation='cca-java', unit_vectors=True, use_bin_thld=True, use_indexer=False, use_nearest_neig=False, we_words_limit=-1, window=5)",Binary overview,0.624,0.619,0.568,0.688,0.575,0.645,0.833,0,fasttext,150,5,5,1,0,cosine,1,Rank overview,,0.478,0.408,0.535,0.338,0.629,,0,fasttext,150,5,5,,,cosine,1
"repeat-9-:Namespace(compare_method='cosine', emb_algorithm='skipgram', emb_dim=150, emb_min_count=5, emb_type='fasttext', general_folder='meta-cca-5k', iter=5, k=1, max_links=5000, mean_centering=True, multi_process=0, num_repeat=10, num_workers=8, reverse_embedding=False, transformation='cca-java', unit_vectors=True, use_bin_thld=True, use_indexer=False, use_nearest_neig=False, we_words_limit=-1, window=5)",Binary overview,0.632,0.628,0.676,0.667,0.525,0.645,0.833,0,fasttext,150,5,5,1,0,cosine,1,Rank overview,,0.468,0.528,0.53,0.258,0.558,,0,fasttext,150,5,5,,,cosine,1
"repeat-10-:Namespace(compare_method='cosine', emb_algorithm='skipgram', emb_dim=150, emb_min_count=5, emb_type='fasttext', general_folder='meta-cca-5k', iter=5, k=1, max_links=5000, mean_centering=True, multi_process=0, num_repeat=10, num_workers=8, reverse_embedding=False, transformation='cca-java', unit_vectors=True, use_bin_thld=True, use_indexer=False, use_nearest_neig=False, we_words_limit=-1, window=5)",Binary overview,0.65,0.635,0.568,0.688,0.575,0.71,0.833,0,fasttext,150,5,5,1,0,cosine,1,Rank overview,,0.507,0.456,0.552,0.439,0.58,,0,fasttext,150,5,5,,,cosine,1
,Avg:,63.340,62.400,59.770,66.280,56.500,67.090,84.980,,,,,,,,,,Avg:,,45.760,44.210,51.310,28.910,58.520,,,,,,,,,,
,Std:,1.681,1.289,4.428,1.831,3.742,3.771,2.566,,,,,,,,,,Std:,,3.223,5.567,2.235,8.000,4.327,,,,,,,,,,
,Confidence:,1.202,0.922,3.168,1.310,2.677,2.698,1.836,,,,,,,,,,Confidence:,,2.305,3.983,1.599,5.723,3.096,,,,,,,,,,
,,,,,,,,,,,,,,,,,,,,,,,,,,,,,,,,,,
,,,,,,,,,,,,,,,,,,,,,,,,,,,,,,,,,,
,,,,,,,,,,,,,,,,,,,,,,,,,,,,,,,,,,
,,,,,,,,,,,,,,,,,,,,,,,,,,,,,,,,,,
,,,,,,,,,,,,,,,,,,,,,,,,,,,,,,,,,,
,,,,,,,,,,,,,,,,,,,,,,,,,,,,,,,,,,
,,,,,,,,,,,,,,,,,,,,,,,,,,,,,,,,,,
,,,,,,,,,,,,,,,,,,,,,,,,,,,,,,,,,,
,,,,,,,,,,,,,,,,,,,,,,,,,,,,,,,,,,
,,,,,,,,,,,,,,,,,,,,,,,,,,,,,,,,,,
,,,,,,,,,,,,,,,,,,,,,,,,,,,,,,,,,,
,,,,,,,,,,,,,,,,,,,,,,,,,,,,,,,,,,
,Avg:,#DIV/0!,#DIV/0!,#DIV/0!,#DIV/0!,#DIV/0!,#DIV/0!,#DIV/0!,,,,,,,,,,Avg:,,#DIV/0!,#DIV/0!,#DIV/0!,#DIV/0!,#DIV/0!,,,,,,,,,,
,Std:,#DIV/0!,#DIV/0!,#DIV/0!,#DIV/0!,#DIV/0!,#DIV/0!,#DIV/0!,,,,,,,,,,Std:,,#DIV/0!,#DIV/0!,#DIV/0!,#DIV/0!,#DIV/0!,,,,,,,,,,
,Confidence:,#DIV/0!,#DIV/0!,#DIV/0!,#DIV/0!,#DIV/0!,#DIV/0!,#DIV/0!,,,,,,,,,,Confidence:,,#DIV/0!,#DIV/0!,#DIV/0!,#DIV/0!,#DIV/0!,,,,,,,,,,
,,,,,,,,,,,,,,,,,,,,,,,,,,,,,,,,,,
,,,,,,,,,,,,,,,,,,,,,,,,,,,,,,,,,,
,,,,,,,,,,,,,,,,,,,,,,,,,,,,,,,,,,
,,,,,,,,,,,,,,,,,,,,,,,,,,,,,,,,,,
,,,,,,,,,,,,,,,,,,,,,,,,,,,,,,,,,,
,,,,,,,,,,,,,,,,,,,,,,,,,,,,,,,,,,
,,,,,,,,,,,,,,,,,,,,,,,,,,,,,,,,,,
,,,,,,,,,,,,,,,,,,,,,,,,,,,,,,,,,,
,,,,,,,,,,,,,,,,,,,,,,,,,,,,,,,,,,
,,,,,,,,,,,,,,,,,,,,,,,,,,,,,,,,,,
,,,,,,,,,,,,,,,,,,,,,,,,,,,,,,,,,,
,,,,,,,,,,,,,,,,,,,,,,,,,,,,,,,,,,
,Avg:,#DIV/0!,#DIV/0!,#DIV/0!,#DIV/0!,#DIV/0!,#DIV/0!,#DIV/0!,,,,,,,,,,Avg:,,#DIV/0!,#DIV/0!,#DIV/0!,#DIV/0!,#DIV/0!,,,,,,,,,,
,Std:,#DIV/0!,#DIV/0!,#DIV/0!,#DIV/0!,#DIV/0!,#DIV/0!,#DIV/0!,,,,,,,,,,Std:,,#DIV/0!,#DIV/0!,#DIV/0!,#DIV/0!,#DIV/0!,,,,,,,,,,
,Confidence:,#DIV/0!,#DIV/0!,#DIV/0!,#DIV/0!,#DIV/0!,#DIV/0!,#DIV/0!,,,,,,,,,,Confidence:,,#DIV/0!,#DIV/0!,#DIV/0!,#DIV/0!,#DIV/0!,,,,,,,,,,
,,,,,,,,,,,,,,,,,,,,,,,,,,,,,,,,,,
,,,,,,,,,,,,,,,,,,,,,,,,,,,,,,,,,,
,,,,,,,,,,,,,,,,,,,,,,,,,,,,,,,,,,
,,,,,,,,,,,,,,,,,,,,,,,,,,,,,,,,,,
,,,,,,,,,,,,,,,,,,,,,,,,,,,,,,,,,,
,,,,,,,,,,,,,,,,,,,,,,,,,,,,,,,,,,
,,,,,,,,,,,,,,,,,,,,,,,,,,,,,,,,,,
,,,,,,,,,,,,,,,,,,,,,,,,,,,,,,,,,,
,,,,,,,,,,,,,,,,,,,,,,,,,,,,,,,,,,
,,,,,,,,,,,,,,,,,,,,,,,,,,,,,,,,,,
,,,,,,,,,,,,,,,,,,,,,,,,,,,,,,,,,,
,,,,,,,,,,,,,,,,,,,,,,,,,,,,,,,,,,
,Avg:,#DIV/0!,#DIV/0!,#DIV/0!,#DIV/0!,#DIV/0!,#DIV/0!,#DIV/0!,,,,,,,,,,Avg:,,#DIV/0!,#DIV/0!,#DIV/0!,#DIV/0!,#DIV/0!,,,,,,,,,,
,Std:,#DIV/0!,#DIV/0!,#DIV/0!,#DIV/0!,#DIV/0!,#DIV/0!,#DIV/0!,,,,,,,,,,Std:,,#DIV/0!,#DIV/0!,#DIV/0!,#DIV/0!,#DIV/0!,,,,,,,,,,
,Confidence:,#DIV/0!,#DIV/0!,#DIV/0!,#DIV/0!,#DIV/0!,#DIV/0!,#DIV/0!,,,,,,,,,,Confidence:,,#DIV/0!,#DIV/0!,#DIV/0!,#DIV/0!,#DIV/0!,,,,,,,,,,
,,,,,,,,,,,,,,,,,,,,,,,,,,,,,,,,,,
,,,,,,,,,,,,,,,,,,,,,,,,,,,,,,,,,,
,,,,,,,,,,,,,,,,,,,,,,,,,,,,,,,,,,
,,,,,,,,,,,,,,,,,,,,,,,,,,,,,,,,,,
,,,,,,,,,,,,,,,,,,,,,,,,,,,,,,,,,,
,,,,,,,,,,,,,,,,,,,,,,,,,,,,,,,,,,
,,,,,,,,,,,,,,,,,,,,,,,,,,,,,,,,,,
,,,,,,,,,,,,,,,,,,,,,,,,,,,,,,,,,,
,,,,,,,,,,,,,,,,,,,,,,,,,,,,,,,,,,
,,,,,,,,,,,,,,,,,,,,,,,,,,,,,,,,,,
,,,,,,,,,,,,,,,,,,,,,,,,,,,,,,,,,,
,,,,,,,,,,,,,,,,,,,,,,,,,,,,,,,,,,
,Avg:,#DIV/0!,#DIV/0!,#DIV/0!,#DIV/0!,#DIV/0!,#DIV/0!,#DIV/0!,,,,,,,,,,Avg:,,#DIV/0!,#DIV/0!,#DIV/0!,#DIV/0!,#DIV/0!,,,,,,,,,,
,Std:,#DIV/0!,#DIV/0!,#DIV/0!,#DIV/0!,#DIV/0!,#DIV/0!,#DIV/0!,,,,,,,,,,Std:,,#DIV/0!,#DIV/0!,#DIV/0!,#DIV/0!,#DIV/0!,,,,,,,,,,
,Confidence:,#DIV/0!,#DIV/0!,#DIV/0!,#DIV/0!,#DIV/0!,#DIV/0!,#DIV/0!,,,,,,,,,,Confidence:,,#DIV/0!,#DIV/0!,#DIV/0!,#DIV/0!,#DIV/0!,,,,,,,,,,
,,,,,,,,,,,,,,,,,,,,,,,,,,,,,,,,,,
,,,,,,,,,,,,,,,,,,,,,,,,,,,,,,,,,,
,,,,,,,,,,,,,,,,,,,,,,,,,,,,,,,,,,
,,,,,,,,,,,,,,,,,,,,,,,,,,,,,,,,,,
,,,,,,,,,,,,,,,,,,,,,,,,,,,,,,,,,,
,,,,,,,,,,,,,,,,,,,,,,,,,,,,,,,,,,
,,,,,,,,,,,,,,,,,,,,,,,,,,,,,,,,,,
,,,,,,,,,,,,,,,,,,,,,,,,,,,,,,,,,,
,,,,,,,,,,,,,,,,,,,,,,,,,,,,,,,,,,
,,,,,,,,,,,,,,,,,,,,,,,,,,,,,,,,,,
,,,,,,,,,,,,,,,,,,,,,,,,,,,,,,,,,,
,,,,,,,,,,,,,,,,,,,,,,,,,,,,,,,,,,
,Avg:,#DIV/0!,#DIV/0!,#DIV/0!,#DIV/0!,#DIV/0!,#DIV/0!,#DIV/0!,,,,,,,,,,Avg:,,#DIV/0!,#DIV/0!,#DIV/0!,#DIV/0!,#DIV/0!,,,,,,,,,,
,Std:,#DIV/0!,#DIV/0!,#DIV/0!,#DIV/0!,#DIV/0!,#DIV/0!,#DIV/0!,,,,,,,,,,Std:,,#DIV/0!,#DIV/0!,#DIV/0!,#DIV/0!,#DIV/0!,,,,,,,,,,
,Confidence:,#DIV/0!,#DIV/0!,#DIV/0!,#DIV/0!,#DIV/0!,#DIV/0!,#DIV/0!,,,,,,,,,,Confidence:,,#DIV/0!,#DIV/0!,#DIV/0!,#DIV/0!,#DIV/0!,,,,,,,,,,
,,,,,,,,,,,,,,,,,,,,,,,,,,,,,,,,,,
,,,,,,,,,,,,,,,,,,,,,,,,,,,,,,,,,,
,,,,,,,,,,,,,,,,,,,,,,,,,,,,,,,,,,
,,,,,,,,,,,,,,,,,,,,,,,,,,,,,,,,,,
,,,,,,,,,,,,,,,,,,,,,,,,,,,,,,,,,,
,,,,,,,,,,,,,,,,,,,,,,,,,,,,,,,,,,
,,,,,,,,,,,,,,,,,,,,,,,,,,,,,,,,,,
,,,,,,,,,,,,,,,,,,,,,,,,,,,,,,,,,,
,,,,,,,,,,,,,,,,,,,,,,,,,,,,,,,,,,
,,,,,,,,,,,,,,,,,,,,,,,,,,,,,,,,,,
,,,,,,,,,,,,,,,,,,,,,,,,,,,,,,,,,,
,,,,,,,,,,,,,,,,,,,,,,,,,,,,,,,,,,
,Avg:,#DIV/0!,#DIV/0!,#DIV/0!,#DIV/0!,#DIV/0!,#DIV/0!,#DIV/0!,,,,,,,,,,Avg:,,#DIV/0!,#DIV/0!,#DIV/0!,#DIV/0!,#DIV/0!,,,,,,,,,,
,Std:,#DIV/0!,#DIV/0!,#DIV/0!,#DIV/0!,#DIV/0!,#DIV/0!,#DIV/0!,,,,,,,,,,Std:,,#DIV/0!,#DIV/0!,#DIV/0!,#DIV/0!,#DIV/0!,,,,,,,,,,
,Confidence:,#DIV/0!,#DIV/0!,#DIV/0!,#DIV/0!,#DIV/0!,#DIV/0!,#DIV/0!,,,,,,,,,,Confidence:,,#DIV/0!,#DIV/0!,#DIV/0!,#DIV/0!,#DIV/0!,,,,,,,,,,
,,,,,,,,,,,,,,,,,,,,,,,,,,,,,,,,,,
,,,,,,,,,,,,,,,,,,,,,,,,,,,,,,,,,,
,,,,,,,,,,,,,,,,,,,,,,,,,,,,,,,,,,
Reversed embeddings,,,,,,,,,,,,,,,,,,,,,,,,,,,,,,,,,,
,,,,,,,,,,,,,,,,,,,,,,,,,,,,,,,,,,
,,,,,,,,,,,,,,,,,,,,,,,,,,,,,,,,,,
,,,,,,,,,,,,,,,,,,,,,,,,,,,,,,,,,,
,,,,,,,,,,,,,,,,,,,,,,,,,,,,,,,,,,
,,,,,,,,,,,,,,,,,,,,,,,,,,,,,,,,,,
,,,,,,,,,,,,,,,,,,,,,,,,,,,,,,,,,,
,,,,,,,,,,,,,,,,,,,,,,,,,,,,,,,,,,
,,,,,,,,,,,,,,,,,,,,,,,,,,,,,,,,,,
,,,,,,,,,,,,,,,,,,,,,,,,,,,,,,,,,,
,,,,,,,,,,,,,,,,,,,,,,,,,,,,,,,,,,
,,,,,,,,,,,,,,,,,,,,,,,,,,,,,,,,,,
,Avg:,#DIV/0!,#DIV/0!,#DIV/0!,#DIV/0!,#DIV/0!,#DIV/0!,#DIV/0!,,,,,,,,,,Avg:,,#DIV/0!,#DIV/0!,#DIV/0!,#DIV/0!,#DIV/0!,,,,,,,,,,
,Std:,#DIV/0!,#DIV/0!,#DIV/0!,#DIV/0!,#DIV/0!,#DIV/0!,#DIV/0!,,,,,,,,,,Std:,,#DIV/0!,#DIV/0!,#DIV/0!,#DIV/0!,#DIV/0!,,,,,,,,,,
,Confidence:,#DIV/0!,#DIV/0!,#DIV/0!,#DIV/0!,#DIV/0!,#DIV/0!,#DIV/0!,,,,,,,,,,Confidence:,,#DIV/0!,#DIV/0!,#DIV/0!,#DIV/0!,#DIV/0!,,,,,,,,,,
,,,,,,,,,,,,,,,,,,,,,,,,,,,,,,,,,,
,,,,,,,,,,,,,,,,,,,,,,,,,,,,,,,,,,
"repeat-1-:Namespace(compare_method='cosine', emb_algorithm='skipgram', emb_dim=50, emb_min_count=5, emb_type='fasttext', general_folder='meta-cca-5k', iter=5, k=1, max_links=5000, multi_process=0, num_repeat=10, num_workers=8, reverse_embedding=True, transformation='cca-java', use_bin_thld=True, use_indexer=False, use_nearest_neig=False, we_words_limit=-1, window=5)",Binary overview,0.669,0.659,0.541,0.833,0.55,0.71,0.833,1,fasttext,50,5,5,1,0,cosine,1,Rank overview,,0.407,0.225,0.734,0.144,0.524,,1,fasttext,50,5,5,,,cosine,1
"repeat-2-:Namespace(compare_method='cosine', emb_algorithm='skipgram', emb_dim=50, emb_min_count=5, emb_type='fasttext', general_folder='meta-cca-5k', iter=5, k=1, max_links=5000, multi_process=0, num_repeat=10, num_workers=8, reverse_embedding=True, transformation='cca-java', use_bin_thld=True, use_indexer=False, use_nearest_neig=False, we_words_limit=-1, window=5)",Binary overview,0.657,0.652,0.622,0.708,0.6,0.677,0.833,1,fasttext,50,5,5,1,0,cosine,1,Rank overview,,0.393,0.389,0.659,0.069,0.455,,1,fasttext,50,5,5,,,cosine,1
"repeat-3-:Namespace(compare_method='cosine', emb_algorithm='skipgram', emb_dim=50, emb_min_count=5, emb_type='fasttext', general_folder='meta-cca-5k', iter=5, k=1, max_links=5000, multi_process=0, num_repeat=10, num_workers=8, reverse_embedding=True, transformation='cca-java', use_bin_thld=True, use_indexer=False, use_nearest_neig=False, we_words_limit=-1, window=5)",Binary overview,0.657,0.66,0.703,0.792,0.5,0.645,0.833,1,fasttext,50,5,5,1,0,cosine,1,Rank overview,,0.415,0.364,0.688,0.184,0.424,,1,fasttext,50,5,5,,,cosine,1
"repeat-4-:Namespace(compare_method='cosine', emb_algorithm='skipgram', emb_dim=50, emb_min_count=5, emb_type='fasttext', general_folder='meta-cca-5k', iter=5, k=1, max_links=5000, multi_process=0, num_repeat=10, num_workers=8, reverse_embedding=True, transformation='cca-java', use_bin_thld=True, use_indexer=False, use_nearest_neig=False, we_words_limit=-1, window=5)",Binary overview,0.635,0.633,0.595,0.792,0.5,0.645,0.833,1,fasttext,50,5,5,1,0,cosine,1,Rank overview,,0.411,0.223,0.704,0.215,0.501,,1,fasttext,50,5,5,,,cosine,1
"repeat-5-:Namespace(compare_method='cosine', emb_algorithm='skipgram', emb_dim=50, emb_min_count=5, emb_type='fasttext', general_folder='meta-cca-5k', iter=5, k=1, max_links=5000, multi_process=0, num_repeat=10, num_workers=8, reverse_embedding=True, transformation='cca-java', use_bin_thld=True, use_indexer=False, use_nearest_neig=False, we_words_limit=-1, window=5)",Binary overview,0.66,0.647,0.649,0.729,0.5,0.71,0.833,1,fasttext,50,5,5,1,0,cosine,1,Rank overview,,0.382,0.294,0.666,0.066,0.502,,1,fasttext,50,5,5,,,cosine,1
"repeat-6-:Namespace(compare_method='cosine', emb_algorithm='skipgram', emb_dim=50, emb_min_count=5, emb_type='fasttext', general_folder='meta-cca-5k', iter=5, k=1, max_links=5000, multi_process=0, num_repeat=10, num_workers=8, reverse_embedding=True, transformation='cca-java', use_bin_thld=True, use_indexer=False, use_nearest_neig=False, we_words_limit=-1, window=5)",Binary overview,0.664,0.661,0.622,0.771,0.575,0.677,0.833,1,fasttext,50,5,5,1,0,cosine,1,Rank overview,,0.41,0.313,0.675,0.19,0.462,,1,fasttext,50,5,5,,,cosine,1
"repeat-7-:Namespace(compare_method='cosine', emb_algorithm='skipgram', emb_dim=50, emb_min_count=5, emb_type='fasttext', general_folder='meta-cca-5k', iter=5, k=1, max_links=5000, multi_process=0, num_repeat=10, num_workers=8, reverse_embedding=True, transformation='cca-java', use_bin_thld=True, use_indexer=False, use_nearest_neig=False, we_words_limit=-1, window=5)",Binary overview,0.648,0.656,0.595,0.792,0.625,0.613,0.833,1,fasttext,50,5,5,1,0,cosine,1,Rank overview,,0.391,0.257,0.65,0.1,0.556,,1,fasttext,50,5,5,,,cosine,1
"repeat-8-:Namespace(compare_method='cosine', emb_algorithm='skipgram', emb_dim=50, emb_min_count=5, emb_type='fasttext', general_folder='meta-cca-5k', iter=5, k=1, max_links=5000, multi_process=0, num_repeat=10, num_workers=8, reverse_embedding=True, transformation='cca-java', use_bin_thld=True, use_indexer=False, use_nearest_neig=False, we_words_limit=-1, window=5)",Binary overview,0.639,0.63,0.595,0.771,0.475,0.677,0.833,1,fasttext,50,5,5,1,0,cosine,1,Rank overview,,0.396,0.248,0.724,0.114,0.497,,1,fasttext,50,5,5,,,cosine,1
"repeat-9-:Namespace(compare_method='cosine', emb_algorithm='skipgram', emb_dim=50, emb_min_count=5, emb_type='fasttext', general_folder='meta-cca-5k', iter=5, k=1, max_links=5000, multi_process=0, num_repeat=10, num_workers=8, reverse_embedding=True, transformation='cca-java', use_bin_thld=True, use_indexer=False, use_nearest_neig=False, we_words_limit=-1, window=5)",Binary overview,0.656,0.659,0.649,0.792,0.55,0.645,0.833,1,fasttext,50,5,5,1,0,cosine,1,Rank overview,,0.45,0.361,0.712,0.189,0.54,,1,fasttext,50,5,5,,,cosine,1
"repeat-10-:Namespace(compare_method='cosine', emb_algorithm='skipgram', emb_dim=50, emb_min_count=5, emb_type='fasttext', general_folder='meta-cca-5k', iter=5, k=1, max_links=5000, multi_process=0, num_repeat=10, num_workers=8, reverse_embedding=True, transformation='cca-java', use_bin_thld=True, use_indexer=False, use_nearest_neig=False, we_words_limit=-1, window=5)",Binary overview,0.628,0.632,0.595,0.771,0.55,0.613,0.833,1,fasttext,50,5,5,1,0,cosine,1,Rank overview,,0.387,0.267,0.727,0.16,0.396,,1,fasttext,50,5,5,,,cosine,1
,Avg:,65.130,64.890,61.660,77.510,54.250,66.120,83.300,,,,,,,,,,Avg:,,40.420,29.410,69.390,14.310,48.570,,,,,,,,,,
,Std:,1.268,1.197,4.148,3.343,4.617,3.308,0.000,,,,,,,,,,Std:,,1.859,5.726,2.890,5.057,4.831,,,,,,,,,,
,Confidence:,0.907,0.856,2.967,2.391,3.303,2.367,0.000,,,,,,,,,,Confidence:,,1.330,4.096,2.068,3.618,3.456,,,,,,,,,,
,,,,,,,,,,,,,,,,,,,,,,,,,,,,,,,,,,
,,,,,,,,,,,,,,,,,,,,,,,,,,,,,,,,,,
"repeat-1-:Namespace(compare_method='cosine', emb_algorithm='skipgram', emb_dim=75, emb_min_count=5, emb_type='fasttext', general_folder='meta-cca-5k', iter=5, k=1, max_links=5000, multi_process=0, num_repeat=10, num_workers=8, reverse_embedding=True, transformation='cca-java', use_bin_thld=True, use_indexer=False, use_nearest_neig=False, we_words_limit=-1, window=5)",Binary overview,0.615,0.607,0.595,0.688,0.5,0.645,0.889,1,fasttext,75,5,5,1,0,cosine,1,Rank overview,,0.448,0.339,0.675,0.26,0.518,,1,fasttext,75,5,5,,,cosine,1
"repeat-2-:Namespace(compare_method='cosine', emb_algorithm='skipgram', emb_dim=75, emb_min_count=5, emb_type='fasttext', general_folder='meta-cca-5k', iter=5, k=1, max_links=5000, multi_process=0, num_repeat=10, num_workers=8, reverse_embedding=True, transformation='cca-java', use_bin_thld=True, use_indexer=False, use_nearest_neig=False, we_words_limit=-1, window=5)",Binary overview,0.693,0.681,0.649,0.708,0.625,0.742,0.833,1,fasttext,75,5,5,1,0,cosine,1,Rank overview,,0.423,0.327,0.601,0.273,0.49,,1,fasttext,75,5,5,,,cosine,1
"repeat-3-:Namespace(compare_method='cosine', emb_algorithm='skipgram', emb_dim=75, emb_min_count=5, emb_type='fasttext', general_folder='meta-cca-5k', iter=5, k=1, max_links=5000, multi_process=0, num_repeat=10, num_workers=8, reverse_embedding=True, transformation='cca-java', use_bin_thld=True, use_indexer=False, use_nearest_neig=False, we_words_limit=-1, window=5)",Binary overview,0.677,0.669,0.649,0.667,0.65,0.71,0.889,1,fasttext,75,5,5,1,0,cosine,1,Rank overview,,0.393,0.218,0.552,0.221,0.582,,1,fasttext,75,5,5,,,cosine,1
"repeat-4-:Namespace(compare_method='cosine', emb_algorithm='skipgram', emb_dim=75, emb_min_count=5, emb_type='fasttext', general_folder='meta-cca-5k', iter=5, k=1, max_links=5000, multi_process=0, num_repeat=10, num_workers=8, reverse_embedding=True, transformation='cca-java', use_bin_thld=True, use_indexer=False, use_nearest_neig=False, we_words_limit=-1, window=5)",Binary overview,0.63,0.626,0.595,0.688,0.575,0.645,0.833,1,fasttext,75,5,5,1,0,cosine,1,Rank overview,,0.436,0.297,0.651,0.257,0.541,,1,fasttext,75,5,5,,,cosine,1
"repeat-5-:Namespace(compare_method='cosine', emb_algorithm='skipgram', emb_dim=75, emb_min_count=5, emb_type='fasttext', general_folder='meta-cca-5k', iter=5, k=1, max_links=5000, multi_process=0, num_repeat=10, num_workers=8, reverse_embedding=True, transformation='cca-java', use_bin_thld=True, use_indexer=False, use_nearest_neig=False, we_words_limit=-1, window=5)",Binary overview,0.624,0.627,0.649,0.646,0.6,0.613,0.889,1,fasttext,75,5,5,1,0,cosine,1,Rank overview,,0.415,0.334,0.567,0.263,0.497,,1,fasttext,75,5,5,,,cosine,1
"repeat-6-:Namespace(compare_method='cosine', emb_algorithm='skipgram', emb_dim=75, emb_min_count=5, emb_type='fasttext', general_folder='meta-cca-5k', iter=5, k=1, max_links=5000, multi_process=0, num_repeat=10, num_workers=8, reverse_embedding=True, transformation='cca-java', use_bin_thld=True, use_indexer=False, use_nearest_neig=False, we_words_limit=-1, window=5)",Binary overview,0.634,0.623,0.676,0.688,0.45,0.677,0.833,1,fasttext,75,5,5,1,0,cosine,1,Rank overview,,0.387,0.281,0.58,0.209,0.478,,1,fasttext,75,5,5,,,cosine,1
"repeat-7-:Namespace(compare_method='cosine', emb_algorithm='skipgram', emb_dim=75, emb_min_count=5, emb_type='fasttext', general_folder='meta-cca-5k', iter=5, k=1, max_links=5000, multi_process=0, num_repeat=10, num_workers=8, reverse_embedding=True, transformation='cca-java', use_bin_thld=True, use_indexer=False, use_nearest_neig=False, we_words_limit=-1, window=5)",Binary overview,0.618,0.619,0.649,0.688,0.525,0.613,0.833,1,fasttext,75,5,5,1,0,cosine,1,Rank overview,,0.426,0.276,0.644,0.245,0.54,,1,fasttext,75,5,5,,,cosine,1
"repeat-8-:Namespace(compare_method='cosine', emb_algorithm='skipgram', emb_dim=75, emb_min_count=5, emb_type='fasttext', general_folder='meta-cca-5k', iter=5, k=1, max_links=5000, multi_process=0, num_repeat=10, num_workers=8, reverse_embedding=True, transformation='cca-java', use_bin_thld=True, use_indexer=False, use_nearest_neig=False, we_words_limit=-1, window=5)",Binary overview,0.643,0.635,0.649,0.688,0.525,0.677,0.889,1,fasttext,75,5,5,1,0,cosine,1,Rank overview,,0.436,0.382,0.629,0.238,0.496,,1,fasttext,75,5,5,,,cosine,1
"repeat-9-:Namespace(compare_method='cosine', emb_algorithm='skipgram', emb_dim=75, emb_min_count=5, emb_type='fasttext', general_folder='meta-cca-5k', iter=5, k=1, max_links=5000, multi_process=0, num_repeat=10, num_workers=8, reverse_embedding=True, transformation='cca-java', use_bin_thld=True, use_indexer=False, use_nearest_neig=False, we_words_limit=-1, window=5)",Binary overview,0.637,0.635,0.649,0.646,0.6,0.645,0.833,1,fasttext,75,5,5,1,0,cosine,1,Rank overview,,0.473,0.317,0.648,0.381,0.545,,1,fasttext,75,5,5,,,cosine,1
"repeat-10-:Namespace(compare_method='cosine', emb_algorithm='skipgram', emb_dim=75, emb_min_count=5, emb_type='fasttext', general_folder='meta-cca-5k', iter=5, k=1, max_links=5000, multi_process=0, num_repeat=10, num_workers=8, reverse_embedding=True, transformation='cca-java', use_bin_thld=True, use_indexer=False, use_nearest_neig=False, we_words_limit=-1, window=5)",Binary overview,0.66,0.656,0.703,0.667,0.575,0.677,0.889,1,fasttext,75,5,5,1,0,cosine,1,Rank overview,,0.428,0.377,0.566,0.234,0.533,,1,fasttext,75,5,5,,,cosine,1
,Avg:,64.310,63.780,64.630,67.740,56.250,66.440,86.100,,,,,,,,,,Avg:,,42.650,31.480,61.130,25.810,52.200,,,,,,,,,,
,Std:,2.450,2.228,3.067,1.920,5.836,3.872,2.800,,,,,,,,,,Std:,,2.374,4.672,4.121,4.505,3.035,,,,,,,,,,
,Confidence:,1.752,1.594,2.194,1.374,4.175,2.770,2.003,,,,,,,,,,Confidence:,,1.698,3.342,2.948,3.223,2.171,,,,,,,,,,
,,,,,,,,,,,,,,,,,,,,,,,,,,,,,,,,,,
,,,,,,,,,,,,,,,,,,,,,,,,,,,,,,,,,,
,,,,,,,,,,,,,,,,,,,,,,,,,,,,,,,,,,
,,,,,,,,,,,,,,,,,,,,,,,,,,,,,,,,,,
,,,,,,,,,,,,,,,,,,,,,,,,,,,,,,,,,,
,,,,,,,,,,,,,,,,,,,,,,,,,,,,,,,,,,
,,,,,,,,,,,,,,,,,,,,,,,,,,,,,,,,,,
,,,,,,,,,,,,,,,,,,,,,,,,,,,,,,,,,,
,,,,,,,,,,,,,,,,,,,,,,,,,,,,,,,,,,
,,,,,,,,,,,,,,,,,,,,,,,,,,,,,,,,,,
,,,,,,,,,,,,,,,,,,,,,,,,,,,,,,,,,,
,,,,,,,,,,,,,,,,,,,,,,,,,,,,,,,,,,
,Avg:,#DIV/0!,#DIV/0!,#DIV/0!,#DIV/0!,#DIV/0!,#DIV/0!,#DIV/0!,,,,,,,,,,Avg:,,#DIV/0!,#DIV/0!,#DIV/0!,#DIV/0!,#DIV/0!,,,,,,,,,,
,Std:,#DIV/0!,#DIV/0!,#DIV/0!,#DIV/0!,#DIV/0!,#DIV/0!,#DIV/0!,,,,,,,,,,Std:,,#DIV/0!,#DIV/0!,#DIV/0!,#DIV/0!,#DIV/0!,,,,,,,,,,
,Confidence:,#DIV/0!,#DIV/0!,#DIV/0!,#DIV/0!,#DIV/0!,#DIV/0!,#DIV/0!,,,,,,,,,,Confidence:,,#DIV/0!,#DIV/0!,#DIV/0!,#DIV/0!,#DIV/0!,,,,,,,,,,
,,,,,,,,,,,,,,,,,,,,,,,,,,,,,,,,,,
,,,,,,,,,,,,,,,,,,,,,,,,,,,,,,,,,,
,,,,,,,,,,,,,,,,,,,,,,,,,,,,,,,,,,
,,,,,,,,,,,,,,,,,,,,,,,,,,,,,,,,,,
,,,,,,,,,,,,,,,,,,,,,,,,,,,,,,,,,,
,,,,,,,,,,,,,,,,,,,,,,,,,,,,,,,,,,
,,,,,,,,,,,,,,,,,,,,,,,,,,,,,,,,,,
,,,,,,,,,,,,,,,,,,,,,,,,,,,,,,,,,,
,,,,,,,,,,,,,,,,,,,,,,,,,,,,,,,,,,
,,,,,,,,,,,,,,,,,,,,,,,,,,,,,,,,,,
,,,,,,,,,,,,,,,,,,,,,,,,,,,,,,,,,,
,,,,,,,,,,,,,,,,,,,,,,,,,,,,,,,,,,
,Avg:,#DIV/0!,#DIV/0!,#DIV/0!,#DIV/0!,#DIV/0!,#DIV/0!,#DIV/0!,,,,,,,,,,Avg:,,#DIV/0!,#DIV/0!,#DIV/0!,#DIV/0!,#DIV/0!,,,,,,,,,,
,Std:,#DIV/0!,#DIV/0!,#DIV/0!,#DIV/0!,#DIV/0!,#DIV/0!,#DIV/0!,,,,,,,,,,Std:,,#DIV/0!,#DIV/0!,#DIV/0!,#DIV/0!,#DIV/0!,,,,,,,,,,
,Confidence:,#DIV/0!,#DIV/0!,#DIV/0!,#DIV/0!,#DIV/0!,#DIV/0!,#DIV/0!,,,,,,,,,,Confidence:,,#DIV/0!,#DIV/0!,#DIV/0!,#DIV/0!,#DIV/0!,,,,,,,,,,
,,,,,,,,,,,,,,,,,,,,,,,,,,,,,,,,,,
,,,,,,,,,,,,,,,,,,,,,,,,,,,,,,,,,,
,,,,,,,,,,,,,,,,,,,,,,,,,,,,,,,,,,
,,,,,,,,,,,,,,,,,,,,,,,,,,,,,,,,,,
,,,,,,,,,,,,,,,,,,,,,,,,,,,,,,,,,,
,,,,,,,,,,,,,,,,,,,,,,,,,,,,,,,,,,
,,,,,,,,,,,,,,,,,,,,,,,,,,,,,,,,,,
,,,,,,,,,,,,,,,,,,,,,,,,,,,,,,,,,,
,,,,,,,,,,,,,,,,,,,,,,,,,,,,,,,,,,
,,,,,,,,,,,,,,,,,,,,,,,,,,,,,,,,,,
,,,,,,,,,,,,,,,,,,,,,,,,,,,,,,,,,,
,,,,,,,,,,,,,,,,,,,,,,,,,,,,,,,,,,
,Avg:,#DIV/0!,#DIV/0!,#DIV/0!,#DIV/0!,#DIV/0!,#DIV/0!,#DIV/0!,,,,,,,,,,Avg:,,#DIV/0!,#DIV/0!,#DIV/0!,#DIV/0!,#DIV/0!,,,,,,,,,,
,Std:,#DIV/0!,#DIV/0!,#DIV/0!,#DIV/0!,#DIV/0!,#DIV/0!,#DIV/0!,,,,,,,,,,Std:,,#DIV/0!,#DIV/0!,#DIV/0!,#DIV/0!,#DIV/0!,,,,,,,,,,
,Confidence:,#DIV/0!,#DIV/0!,#DIV/0!,#DIV/0!,#DIV/0!,#DIV/0!,#DIV/0!,,,,,,,,,,Confidence:,,#DIV/0!,#DIV/0!,#DIV/0!,#DIV/0!,#DIV/0!,,,,,,,,,,
,,,,,,,,,,,,,,,,,,,,,,,,,,,,,,,,,,
,,,,,,,,,,,,,,,,,,,,,,,,,,,,,,,,,,
,,,,,,,,,,,,,,,,,,,,,,,,,,,,,,,,,,
,,,,,,,,,,,,,,,,,,,,,,,,,,,,,,,,,,
,,,,,,,,,,,,,,,,,,,,,,,,,,,,,,,,,,
,,,,,,,,,,,,,,,,,,,,,,,,,,,,,,,,,,
,,,,,,,,,,,,,,,,,,,,,,,,,,,,,,,,,,
,,,,,,,,,,,,,,,,,,,,,,,,,,,,,,,,,,
,,,,,,,,,,,,,,,,,,,,,,,,,,,,,,,,,,
,,,,,,,,,,,,,,,,,,,,,,,,,,,,,,,,,,
,,,,,,,,,,,,,,,,,,,,,,,,,,,,,,,,,,
,,,,,,,,,,,,,,,,,,,,,,,,,,,,,,,,,,
,Avg:,#DIV/0!,#DIV/0!,#DIV/0!,#DIV/0!,#DIV/0!,#DIV/0!,#DIV/0!,,,,,,,,,,Avg:,,#DIV/0!,#DIV/0!,#DIV/0!,#DIV/0!,#DIV/0!,,,,,,,,,,
,Std:,#DIV/0!,#DIV/0!,#DIV/0!,#DIV/0!,#DIV/0!,#DIV/0!,#DIV/0!,,,,,,,,,,Std:,,#DIV/0!,#DIV/0!,#DIV/0!,#DIV/0!,#DIV/0!,,,,,,,,,,
,Confidence:,#DIV/0!,#DIV/0!,#DIV/0!,#DIV/0!,#DIV/0!,#DIV/0!,#DIV/0!,,,,,,,,,,Confidence:,,#DIV/0!,#DIV/0!,#DIV/0!,#DIV/0!,#DIV/0!,,,,,,,,,,
,,,,,,,,,,,,,,,,,,,,,,,,,,,,,,,,,,
,,,,,,,,,,,,,,,,,,,,,,,,,,,,,,,,,,
,,,,,,,,,,,,,,,,,,,,,,,,,,,,,,,,,,
,,,,,,,,,,,,,,,,,,,,,,,,,,,,,,,,,,
,,,,,,,,,,,,,,,,,,,,,,,,,,,,,,,,,,
,,,,,,,,,,,,,,,,,,,,,,,,,,,,,,,,,,
,,,,,,,,,,,,,,,,,,,,,,,,,,,,,,,,,,
,,,,,,,,,,,,,,,,,,,,,,,,,,,,,,,,,,
,,,,,,,,,,,,,,,,,,,,,,,,,,,,,,,,,,
,,,,,,,,,,,,,,,,,,,,,,,,,,,,,,,,,,
,,,,,,,,,,,,,,,,,,,,,,,,,,,,,,,,,,
,,,,,,,,,,,,,,,,,,,,,,,,,,,,,,,,,,
,Avg:,#DIV/0!,#DIV/0!,#DIV/0!,#DIV/0!,#DIV/0!,#DIV/0!,#DIV/0!,,,,,,,,,,Avg:,,#DIV/0!,#DIV/0!,#DIV/0!,#DIV/0!,#DIV/0!,,,,,,,,,,
,Std:,#DIV/0!,#DIV/0!,#DIV/0!,#DIV/0!,#DIV/0!,#DIV/0!,#DIV/0!,,,,,,,,,,Std:,,#DIV/0!,#DIV/0!,#DIV/0!,#DIV/0!,#DIV/0!,,,,,,,,,,
,Confidence:,#DIV/0!,#DIV/0!,#DIV/0!,#DIV/0!,#DIV/0!,#DIV/0!,#DIV/0!,,,,,,,,,,Confidence:,,#DIV/0!,#DIV/0!,#DIV/0!,#DIV/0!,#DIV/0!,,,,,,,,,,
,,,,,,,,,,,,,,,,,,,,,,,,,,,,,,,,,,
,,,,,,,,,,,,,,,,,,,,,,,,,,,,,,,,,,
,,,,,,,,,,,,,,,,,,,,,,,,,,,,,,,,,,
,,,,,,,,,,,,,,,,,,,,,,,,,,,,,,,,,,
,,,,,,,,,,,,,,,,,,,,,,,,,,,,,,,,,,
,,,,,,,,,,,,,,,,,,,,,,,,,,,,,,,,,,
,,,,,,,,,,,,,,,,,,,,,,,,,,,,,,,,,,
,,,,,,,,,,,,,,,,,,,,,,,,,,,,,,,,,,
,,,,,,,,,,,,,,,,,,,,,,,,,,,,,,,,,,
,,,,,,,,,,,,,,,,,,,,,,,,,,,,,,,,,,
,,,,,,,,,,,,,,,,,,,,,,,,,,,,,,,,,,
,,,,,,,,,,,,,,,,,,,,,,,,,,,,,,,,,,
,Avg:,#DIV/0!,#DIV/0!,#DIV/0!,#DIV/0!,#DIV/0!,#DIV/0!,#DIV/0!,,,,,,,,,,Avg:,,#DIV/0!,#DIV/0!,#DIV/0!,#DIV/0!,#DIV/0!,,,,,,,,,,
,Std:,#DIV/0!,#DIV/0!,#DIV/0!,#DIV/0!,#DIV/0!,#DIV/0!,#DIV/0!,,,,,,,,,,Std:,,#DIV/0!,#DIV/0!,#DIV/0!,#DIV/0!,#DIV/0!,,,,,,,,,,
,Confidence:,#DIV/0!,#DIV/0!,#DIV/0!,#DIV/0!,#DIV/0!,#DIV/0!,#DIV/0!,,,,,,,,,,Confidence:,,#DIV/0!,#DIV/0!,#DIV/0!,#DIV/0!,#DIV/0!,,,,,,,,,,
,,,,,,,,,,,,,,,,,,,,,,,,,,,,,,,,,,
,,,,,,,,,,,,,,,,,,,,,,,,,,,,,,,,,,
"repeat-1-:Namespace(compare_method='cosine', emb_algorithm='skipgram', emb_dim=250, emb_min_count=5, emb_type='fasttext', general_folder='meta-cca-5k', iter=5, k=1, max_links=5000, multi_process=0, num_repeat=10, num_workers=8, reverse_embedding=True, transformation='cca-java', use_bin_thld=True, use_indexer=False, use_nearest_neig=False, we_words_limit=-1, window=5)",Binary overview,0.604,0.609,0.649,0.708,0.5,0.581,0.833,1,fasttext,250,5,5,1,0,cosine,1,Rank overview,,0.44,0.396,0.689,0.227,0.447,,1,fasttext,250,5,5,,,cosine,1
"repeat-2-:Namespace(compare_method='cosine', emb_algorithm='skipgram', emb_dim=250, emb_min_count=5, emb_type='fasttext', general_folder='meta-cca-5k', iter=5, k=1, max_links=5000, multi_process=0, num_repeat=10, num_workers=8, reverse_embedding=True, transformation='cca-java', use_bin_thld=True, use_indexer=False, use_nearest_neig=False, we_words_limit=-1, window=5)",Binary overview,0.606,0.588,0.486,0.688,0.5,0.677,0.833,1,fasttext,250,5,5,1,0,cosine,1,Rank overview,,0.396,0.253,0.641,0.206,0.483,,1,fasttext,250,5,5,,,cosine,1
"repeat-3-:Namespace(compare_method='cosine', emb_algorithm='skipgram', emb_dim=250, emb_min_count=5, emb_type='fasttext', general_folder='meta-cca-5k', iter=5, k=1, max_links=5000, multi_process=0, num_repeat=10, num_workers=8, reverse_embedding=True, transformation='cca-java', use_bin_thld=True, use_indexer=False, use_nearest_neig=False, we_words_limit=-1, window=5)",Binary overview,0.627,0.614,0.541,0.688,0.55,0.677,0.833,1,fasttext,250,5,5,1,0,cosine,1,Rank overview,,0.403,0.322,0.629,0.208,0.454,,1,fasttext,250,5,5,,,cosine,1
"repeat-4-:Namespace(compare_method='cosine', emb_algorithm='skipgram', emb_dim=250, emb_min_count=5, emb_type='fasttext', general_folder='meta-cca-5k', iter=5, k=1, max_links=5000, multi_process=0, num_repeat=10, num_workers=8, reverse_embedding=True, transformation='cca-java', use_bin_thld=True, use_indexer=False, use_nearest_neig=False, we_words_limit=-1, window=5)",Binary overview,0.625,0.612,0.514,0.708,0.55,0.677,0.833,1,fasttext,250,5,5,1,0,cosine,1,Rank overview,,0.368,0.263,0.701,0.064,0.442,,1,fasttext,250,5,5,,,cosine,1
"repeat-5-:Namespace(compare_method='cosine', emb_algorithm='skipgram', emb_dim=250, emb_min_count=5, emb_type='fasttext', general_folder='meta-cca-5k', iter=5, k=1, max_links=5000, multi_process=0, num_repeat=10, num_workers=8, reverse_embedding=True, transformation='cca-java', use_bin_thld=True, use_indexer=False, use_nearest_neig=False, we_words_limit=-1, window=5)",Binary overview,0.599,0.595,0.514,0.729,0.525,0.613,0.833,1,fasttext,250,5,5,1,0,cosine,1,Rank overview,,0.359,0.212,0.622,0.14,0.462,,1,fasttext,250,5,5,,,cosine,1
"repeat-6-:Namespace(compare_method='cosine', emb_algorithm='skipgram', emb_dim=250, emb_min_count=5, emb_type='fasttext', general_folder='meta-cca-5k', iter=5, k=1, max_links=5000, multi_process=0, num_repeat=10, num_workers=8, reverse_embedding=True, transformation='cca-java', use_bin_thld=True, use_indexer=False, use_nearest_neig=False, we_words_limit=-1, window=5)",Binary overview,0.628,0.632,0.595,0.771,0.55,0.613,0.833,1,fasttext,250,5,5,1,0,cosine,1,Rank overview,,0.427,0.415,0.685,0.107,0.502,,1,fasttext,250,5,5,,,cosine,1
"repeat-7-:Namespace(compare_method='cosine', emb_algorithm='skipgram', emb_dim=250, emb_min_count=5, emb_type='fasttext', general_folder='meta-cca-5k', iter=5, k=1, max_links=5000, multi_process=0, num_repeat=10, num_workers=8, reverse_embedding=True, transformation='cca-java', use_bin_thld=True, use_indexer=False, use_nearest_neig=False, we_words_limit=-1, window=5)",Binary overview,0.616,0.608,0.514,0.75,0.525,0.645,0.889,1,fasttext,250,5,5,1,0,cosine,1,Rank overview,,0.409,0.301,0.643,0.199,0.493,,1,fasttext,250,5,5,,,cosine,1
"repeat-8-:Namespace(compare_method='cosine', emb_algorithm='skipgram', emb_dim=250, emb_min_count=5, emb_type='fasttext', general_folder='meta-cca-5k', iter=5, k=1, max_links=5000, multi_process=0, num_repeat=10, num_workers=8, reverse_embedding=True, transformation='cca-java', use_bin_thld=True, use_indexer=False, use_nearest_neig=False, we_words_limit=-1, window=5)",Binary overview,0.638,0.636,0.595,0.729,0.575,0.645,0.833,1,fasttext,250,5,5,1,0,cosine,1,Rank overview,,0.378,0.27,0.659,0.152,0.429,,1,fasttext,250,5,5,,,cosine,1
"repeat-9-:Namespace(compare_method='cosine', emb_algorithm='skipgram', emb_dim=250, emb_min_count=5, emb_type='fasttext', general_folder='meta-cca-5k', iter=5, k=1, max_links=5000, multi_process=0, num_repeat=10, num_workers=8, reverse_embedding=True, transformation='cca-java', use_bin_thld=True, use_indexer=False, use_nearest_neig=False, we_words_limit=-1, window=5)",Binary overview,0.602,0.599,0.568,0.667,0.55,0.613,0.833,1,fasttext,250,5,5,1,0,cosine,1,Rank overview,,0.364,0.306,0.642,0.088,0.422,,1,fasttext,250,5,5,,,cosine,1
"repeat-10-:Namespace(compare_method='cosine', emb_algorithm='skipgram', emb_dim=250, emb_min_count=5, emb_type='fasttext', general_folder='meta-cca-5k', iter=5, k=1, max_links=5000, multi_process=0, num_repeat=10, num_workers=8, reverse_embedding=True, transformation='cca-java', use_bin_thld=True, use_indexer=False, use_nearest_neig=False, we_words_limit=-1, window=5)",Binary overview,0.614,0.614,0.514,0.729,0.6,0.613,0.833,1,fasttext,250,5,5,1,0,cosine,1,Rank overview,,0.406,0.34,0.688,0.154,0.443,,1,fasttext,250,5,5,,,cosine,1
,Avg:,61.590,61.070,54.900,71.670,54.250,63.540,83.860,,,,,,,,,,Avg:,,39.500,30.780,65.990,15.450,45.770,,,,,,,,,,
,Std:,1.250,1.423,4.850,2.963,2.969,3.216,1.680,,,,,,,,,,Std:,,2.590,6.015,2.704,5.276,2.560,,,,,,,,,,
,Confidence:,0.894,1.018,3.470,2.120,2.124,2.301,1.202,,,,,,,,,,Confidence:,,1.853,4.303,1.934,3.774,1.832,,,,,,,,,,
,,,,,,,,,,,,,,,,,,,,,,,,,,,,,,,,,,
,,,,,,,,,,,,,,,,,,,,,,,,,,,,,,,,,,
,,,,,,,,,,,,,,,,,,,,,,,,,,,,,,,,,,
,,,,,,,,,,,,,,,,,,,,,,,,,,,,,,,,,,
,,,,,,,,,,,,,,,,,,,,,,,,,,,,,,,,,,
,,,,,,,,,,,,,,,,,,,,,,,,,,,,,,,,,,
,,,,,,,,,,,,,,,,,,,,,,,,,,,,,,,,,,
,,,,,,,,,,,,,,,,,,,,,,,,,,,,,,,,,,
,,,,,,,,,,,,,,,,,,,,,,,,,,,,,,,,,,
,,,,,,,,,,,,,,,,,,,,,,,,,,,,,,,,,,
,,,,,,,,,,,,,,,,,,,,,,,,,,,,,,,,,,
,,,,,,,,,,,,,,,,,,,,,,,,,,,,,,,,,,
,Avg:,#DIV/0!,#DIV/0!,#DIV/0!,#DIV/0!,#DIV/0!,#DIV/0!,#DIV/0!,,,,,,,,,,Avg:,,#DIV/0!,#DIV/0!,#DIV/0!,#DIV/0!,#DIV/0!,,,,,,,,,,
,Std:,#DIV/0!,#DIV/0!,#DIV/0!,#DIV/0!,#DIV/0!,#DIV/0!,#DIV/0!,,,,,,,,,,Std:,,#DIV/0!,#DIV/0!,#DIV/0!,#DIV/0!,#DIV/0!,,,,,,,,,,
,Confidence:,#DIV/0!,#DIV/0!,#DIV/0!,#DIV/0!,#DIV/0!,#DIV/0!,#DIV/0!,,,,,,,,,,Confidence:,,#DIV/0!,#DIV/0!,#DIV/0!,#DIV/0!,#DIV/0!,,,,,,,,,,
,,,,,,,,,,,,,,,,,,,,,,,,,,,,,,,,,,
,,,,,,,,,,,,,,,,,,,,,,,,,,,,,,,,,,
,,,,,,,,,,,,,,,,,,,,,,,,,,,,,,,,,,
,,,,,,,,,,,,,,,,,,,,,,,,,,,,,,,,,,
,,,,,,,,,,,,,,,,,,,,,,,,,,,,,,,,,,
,,,,,,,,,,,,,,,,,,,,,,,,,,,,,,,,,,
,,,,,,,,,,,,,,,,,,,,,,,,,,,,,,,,,,
,,,,,,,,,,,,,,,,,,,,,,,,,,,,,,,,,,
,,,,,,,,,,,,,,,,,,,,,,,,,,,,,,,,,,
,,,,,,,,,,,,,,,,,,,,,,,,,,,,,,,,,,
,,,,,,,,,,,,,,,,,,,,,,,,,,,,,,,,,,
,,,,,,,,,,,,,,,,,,,,,,,,,,,,,,,,,,
,Avg:,#DIV/0!,#DIV/0!,#DIV/0!,#DIV/0!,#DIV/0!,#DIV/0!,#DIV/0!,,,,,,,,,,Avg:,,#DIV/0!,#DIV/0!,#DIV/0!,#DIV/0!,#DIV/0!,,,,,,,,,,
,Std:,#DIV/0!,#DIV/0!,#DIV/0!,#DIV/0!,#DIV/0!,#DIV/0!,#DIV/0!,,,,,,,,,,Std:,,#DIV/0!,#DIV/0!,#DIV/0!,#DIV/0!,#DIV/0!,,,,,,,,,,
,Confidence:,#DIV/0!,#DIV/0!,#DIV/0!,#DIV/0!,#DIV/0!,#DIV/0!,#DIV/0!,,,,,,,,,,Confidence:,,#DIV/0!,#DIV/0!,#DIV/0!,#DIV/0!,#DIV/0!,,,,,,,,,,
,,,,,,,,,,,,,,,,,,,,,,,,,,,,,,,,,,
,,,,,,,,,,,,,,,,,,,,,,,,,,,,,,,,,,
,,,,,,,,,,,,,,,,,,,,,,,,,,,,,,,,,,
Nearest neigh ,,,,,,,,,,,,,,,,,,,,,,,,,,,,,,,,,,
,,,,,,,,,,,,,,,,,,,,,,,,,,,,,,,,,,
,,,,,,,,,,,,,,,,,,,,,,,,,,,,,,,,,,
,,,,,,,,,,,,,,,,,,,,,,,,,,,,,,,,,,
,,,,,,,,,,,,,,,,,,,,,,,,,,,,,,,,,,
,,,,,,,,,,,,,,,,,,,,,,,,,,,,,,,,,,
,,,,,,,,,,,,,,,,,,,,,,,,,,,,,,,,,,
,,,,,,,,,,,,,,,,,,,,,,,,,,,,,,,,,,
,,,,,,,,,,,,,,,,,,,,,,,,,,,,,,,,,,
,,,,,,,,,,,,,,,,,,,,,,,,,,,,,,,,,,
,,,,,,,,,,,,,,,,,,,,,,,,,,,,,,,,,,
,,,,,,,,,,,,,,,,,,,,,,,,,,,,,,,,,,
,Avg:,#DIV/0!,#DIV/0!,#DIV/0!,#DIV/0!,#DIV/0!,#DIV/0!,#DIV/0!,,,,,,,,,,Avg:,,#DIV/0!,#DIV/0!,#DIV/0!,#DIV/0!,#DIV/0!,,,,,,,,,,
,Std:,#DIV/0!,#DIV/0!,#DIV/0!,#DIV/0!,#DIV/0!,#DIV/0!,#DIV/0!,,,,,,,,,,Std:,,#DIV/0!,#DIV/0!,#DIV/0!,#DIV/0!,#DIV/0!,,,,,,,,,,
,Confidence:,#DIV/0!,#DIV/0!,#DIV/0!,#DIV/0!,#DIV/0!,#DIV/0!,#DIV/0!,,,,,,,,,,Confidence:,,#DIV/0!,#DIV/0!,#DIV/0!,#DIV/0!,#DIV/0!,,,,,,,,,,
,,,,,,,,,,,,,,,,,,,,,,,,,,,,,,,,,,
,,,,,,,,,,,,,,,,,,,,,,,,,,,,,,,,,,
,,,,,,,,,,,,,,,,,,,,,,,,,,,,,,,,,,
,,,,,,,,,,,,,,,,,,,,,,,,,,,,,,,,,,
,,,,,,,,,,,,,,,,,,,,,,,,,,,,,,,,,,
,,,,,,,,,,,,,,,,,,,,,,,,,,,,,,,,,,
,,,,,,,,,,,,,,,,,,,,,,,,,,,,,,,,,,
,,,,,,,,,,,,,,,,,,,,,,,,,,,,,,,,,,
,,,,,,,,,,,,,,,,,,,,,,,,,,,,,,,,,,
,,,,,,,,,,,,,,,,,,,,,,,,,,,,,,,,,,
,,,,,,,,,,,,,,,,,,,,,,,,,,,,,,,,,,
,,,,,,,,,,,,,,,,,,,,,,,,,,,,,,,,,,
,Avg:,#DIV/0!,#DIV/0!,#DIV/0!,#DIV/0!,#DIV/0!,#DIV/0!,#DIV/0!,,,,,,,,,,Avg:,,#DIV/0!,#DIV/0!,#DIV/0!,#DIV/0!,#DIV/0!,,,,,,,,,,
,Std:,#DIV/0!,#DIV/0!,#DIV/0!,#DIV/0!,#DIV/0!,#DIV/0!,#DIV/0!,,,,,,,,,,Std:,,#DIV/0!,#DIV/0!,#DIV/0!,#DIV/0!,#DIV/0!,,,,,,,,,,
,Confidence:,#DIV/0!,#DIV/0!,#DIV/0!,#DIV/0!,#DIV/0!,#DIV/0!,#DIV/0!,,,,,,,,,,Confidence:,,#DIV/0!,#DIV/0!,#DIV/0!,#DIV/0!,#DIV/0!,,,,,,,,,,
,,,,,,,,,,,,,,,,,,,,,,,,,,,,,,,,,,
,,,,,,,,,,,,,,,,,,,,,,,,,,,,,,,,,,
,,,,,,,,,,,,,,,,,,,,,,,,,,,,,,,,,,
,,,,,,,,,,,,,,,,,,,,,,,,,,,,,,,,,,
,,,,,,,,,,,,,,,,,,,,,,,,,,,,,,,,,,
,,,,,,,,,,,,,,,,,,,,,,,,,,,,,,,,,,
,,,,,,,,,,,,,,,,,,,,,,,,,,,,,,,,,,
,,,,,,,,,,,,,,,,,,,,,,,,,,,,,,,,,,
,,,,,,,,,,,,,,,,,,,,,,,,,,,,,,,,,,
,,,,,,,,,,,,,,,,,,,,,,,,,,,,,,,,,,
,,,,,,,,,,,,,,,,,,,,,,,,,,,,,,,,,,
,,,,,,,,,,,,,,,,,,,,,,,,,,,,,,,,,,
,Avg:,#DIV/0!,#DIV/0!,#DIV/0!,#DIV/0!,#DIV/0!,#DIV/0!,#DIV/0!,,,,,,,,,,Avg:,,#DIV/0!,#DIV/0!,#DIV/0!,#DIV/0!,#DIV/0!,,,,,,,,,,
,Std:,#DIV/0!,#DIV/0!,#DIV/0!,#DIV/0!,#DIV/0!,#DIV/0!,#DIV/0!,,,,,,,,,,Std:,,#DIV/0!,#DIV/0!,#DIV/0!,#DIV/0!,#DIV/0!,,,,,,,,,,
,Confidence:,#DIV/0!,#DIV/0!,#DIV/0!,#DIV/0!,#DIV/0!,#DIV/0!,#DIV/0!,,,,,,,,,,Confidence:,,#DIV/0!,#DIV/0!,#DIV/0!,#DIV/0!,#DIV/0!,,,,,,,,,,
,,,,,,,,,,,,,,,,,,,,,,,,,,,,,,,,,,
,,,,,,,,,,,,,,,,,,,,,,,,,,,,,,,,,,
,,,,,,,,,,,,,,,,,,,,,,,,,,,,,,,,,,
,,,,,,,,,,,,,,,,,,,,,,,,,,,,,,,,,,
,,,,,,,,,,,,,,,,,,,,,,,,,,,,,,,,,,
,,,,,,,,,,,,,,,,,,,,,,,,,,,,,,,,,,
,,,,,,,,,,,,,,,,,,,,,,,,,,,,,,,,,,
,,,,,,,,,,,,,,,,,,,,,,,,,,,,,,,,,,
,,,,,,,,,,,,,,,,,,,,,,,,,,,,,,,,,,
,,,,,,,,,,,,,,,,,,,,,,,,,,,,,,,,,,
,,,,,,,,,,,,,,,,,,,,,,,,,,,,,,,,,,
,,,,,,,,,,,,,,,,,,,,,,,,,,,,,,,,,,
,Avg:,#DIV/0!,#DIV/0!,#DIV/0!,#DIV/0!,#DIV/0!,#DIV/0!,#DIV/0!,,,,,,,,,,Avg:,,#DIV/0!,#DIV/0!,#DIV/0!,#DIV/0!,#DIV/0!,,,,,,,,,,
,Std:,#DIV/0!,#DIV/0!,#DIV/0!,#DIV/0!,#DIV/0!,#DIV/0!,#DIV/0!,,,,,,,,,,Std:,,#DIV/0!,#DIV/0!,#DIV/0!,#DIV/0!,#DIV/0!,,,,,,,,,,
,Confidence:,#DIV/0!,#DIV/0!,#DIV/0!,#DIV/0!,#DIV/0!,#DIV/0!,#DIV/0!,,,,,,,,,,Confidence:,,#DIV/0!,#DIV/0!,#DIV/0!,#DIV/0!,#DIV/0!,,,,,,,,,,
,,,,,,,,,,,,,,,,,,,,,,,,,,,,,,,,,,
,,,,,,,,,,,,,,,,,,,,,,,,,,,,,,,,,,
,,,,,,,,,,,,,,,,,,,,,,,,,,,,,,,,,,
,,,,,,,,,,,,,,,,,,,,,,,,,,,,,,,,,,
,,,,,,,,,,,,,,,,,,,,,,,,,,,,,,,,,,
,,,,,,,,,,,,,,,,,,,,,,,,,,,,,,,,,,
,,,,,,,,,,,,,,,,,,,,,,,,,,,,,,,,,,
,,,,,,,,,,,,,,,,,,,,,,,,,,,,,,,,,,
,,,,,,,,,,,,,,,,,,,,,,,,,,,,,,,,,,
,,,,,,,,,,,,,,,,,,,,,,,,,,,,,,,,,,
,,,,,,,,,,,,,,,,,,,,,,,,,,,,,,,,,,
,,,,,,,,,,,,,,,,,,,,,,,,,,,,,,,,,,
,Avg:,#DIV/0!,#DIV/0!,#DIV/0!,#DIV/0!,#DIV/0!,#DIV/0!,#DIV/0!,,,,,,,,,,Avg:,,#DIV/0!,#DIV/0!,#DIV/0!,#DIV/0!,#DIV/0!,,,,,,,,,,
,Std:,#DIV/0!,#DIV/0!,#DIV/0!,#DIV/0!,#DIV/0!,#DIV/0!,#DIV/0!,,,,,,,,,,Std:,,#DIV/0!,#DIV/0!,#DIV/0!,#DIV/0!,#DIV/0!,,,,,,,,,,
,Confidence:,#DIV/0!,#DIV/0!,#DIV/0!,#DIV/0!,#DIV/0!,#DIV/0!,#DIV/0!,,,,,,,,,,Confidence:,,#DIV/0!,#DIV/0!,#DIV/0!,#DIV/0!,#DIV/0!,,,,,,,,,,
,,,,,,,,,,,,,,,,,,,,,,,,,,,,,,,,,,
,,,,,,,,,,,,,,,,,,,,,,,,,,,,,,,,,,
,,,,,,,,,,,,,,,,,,,,,,,,,,,,,,,,,,
,,,,,,,,,,,,,,,,,,,,,,,,,,,,,,,,,,
,,,,,,,,,,,,,,,,,,,,,,,,,,,,,,,,,,
,,,,,,,,,,,,,,,,,,,,,,,,,,,,,,,,,,
,,,,,,,,,,,,,,,,,,,,,,,,,,,,,,,,,,
,,,,,,,,,,,,,,,,,,,,,,,,,,,,,,,,,,
,,,,,,,,,,,,,,,,,,,,,,,,,,,,,,,,,,
,,,,,,,,,,,,,,,,,,,,,,,,,,,,,,,,,,
,,,,,,,,,,,,,,,,,,,,,,,,,,,,,,,,,,
,,,,,,,,,,,,,,,,,,,,,,,,,,,,,,,,,,
,Avg:,#DIV/0!,#DIV/0!,#DIV/0!,#DIV/0!,#DIV/0!,#DIV/0!,#DIV/0!,,,,,,,,,,Avg:,,#DIV/0!,#DIV/0!,#DIV/0!,#DIV/0!,#DIV/0!,,,,,,,,,,
,Std:,#DIV/0!,#DIV/0!,#DIV/0!,#DIV/0!,#DIV/0!,#DIV/0!,#DIV/0!,,,,,,,,,,Std:,,#DIV/0!,#DIV/0!,#DIV/0!,#DIV/0!,#DIV/0!,,,,,,,,,,
,Confidence:,#DIV/0!,#DIV/0!,#DIV/0!,#DIV/0!,#DIV/0!,#DIV/0!,#DIV/0!,,,,,,,,,,Confidence:,,#DIV/0!,#DIV/0!,#DIV/0!,#DIV/0!,#DIV/0!,,,,,,,,,,
,,,,,,,,,,,,,,,,,,,,,,,,,,,,,,,,,,
,,,,,,,,,,,,,,,,,,,,,,,,,,,,,,,,,,
,,,,,,,,,,,,,,,,,,,,,,,,,,,,,,,,,,
,,,,,,,,,,,,,,,,,,,,,,,,,,,,,,,,,,
,,,,,,,,,,,,,,,,,,,,,,,,,,,,,,,,,,
,,,,,,,,,,,,,,,,,,,,,,,,,,,,,,,,,,
,,,,,,,,,,,,,,,,,,,,,,,,,,,,,,,,,,
,,,,,,,,,,,,,,,,,,,,,,,,,,,,,,,,,,
,,,,,,,,,,,,,,,,,,,,,,,,,,,,,,,,,,
,,,,,,,,,,,,,,,,,,,,,,,,,,,,,,,,,,
,,,,,,,,,,,,,,,,,,,,,,,,,,,,,,,,,,
,,,,,,,,,,,,,,,,,,,,,,,,,,,,,,,,,,
,Avg:,#DIV/0!,#DIV/0!,#DIV/0!,#DIV/0!,#DIV/0!,#DIV/0!,#DIV/0!,,,,,,,,,,Avg:,,#DIV/0!,#DIV/0!,#DIV/0!,#DIV/0!,#DIV/0!,,,,,,,,,,
,Std:,#DIV/0!,#DIV/0!,#DIV/0!,#DIV/0!,#DIV/0!,#DIV/0!,#DIV/0!,,,,,,,,,,Std:,,#DIV/0!,#DIV/0!,#DIV/0!,#DIV/0!,#DIV/0!,,,,,,,,,,
,Confidence:,#DIV/0!,#DIV/0!,#DIV/0!,#DIV/0!,#DIV/0!,#DIV/0!,#DIV/0!,,,,,,,,,,Confidence:,,#DIV/0!,#DIV/0!,#DIV/0!,#DIV/0!,#DIV/0!,,,,,,,,,,
,,,,,,,,,,,,,,,,,,,,,,,,,,,,,,,,,,
,,,,,,,,,,,,,,,,,,,,,,,,,,,,,,,,,,
,,,,,,,,,,,,,,,,,,,,,,,,,,,,,,,,,,
,,,,,,,,,,,,,,,,,,,,,,,,,,,,,,,,,,
,,,,,,,,,,,,,,,,,,,,,,,,,,,,,,,,,,
,,,,,,,,,,,,,,,,,,,,,,,,,,,,,,,,,,
,,,,,,,,,,,,,,,,,,,,,,,,,,,,,,,,,,
,,,,,,,,,,,,,,,,,,,,,,,,,,,,,,,,,,
,,,,,,,,,,,,,,,,,,,,,,,,,,,,,,,,,,
,,,,,,,,,,,,,,,,,,,,,,,,,,,,,,,,,,
,,,,,,,,,,,,,,,,,,,,,,,,,,,,,,,,,,
,,,,,,,,,,,,,,,,,,,,,,,,,,,,,,,,,,
,Avg:,#DIV/0!,#DIV/0!,#DIV/0!,#DIV/0!,#DIV/0!,#DIV/0!,#DIV/0!,,,,,,,,,,Avg:,,#DIV/0!,#DIV/0!,#DIV/0!,#DIV/0!,#DIV/0!,,,,,,,,,,
,Std:,#DIV/0!,#DIV/0!,#DIV/0!,#DIV/0!,#DIV/0!,#DIV/0!,#DIV/0!,,,,,,,,,,Std:,,#DIV/0!,#DIV/0!,#DIV/0!,#DIV/0!,#DIV/0!,,,,,,,,,,
,Confidence:,#DIV/0!,#DIV/0!,#DIV/0!,#DIV/0!,#DIV/0!,#DIV/0!,#DIV/0!,,,,,,,,,,Confidence:,,#DIV/0!,#DIV/0!,#DIV/0!,#DIV/0!,#DIV/0!,,,,,,,,,,
,,,,,,,,,,,,,,,,,,,,,,,,,,,,,,,,,,
,,,,,,,,,,,,,,,,,,,,,,,,,,,,,,,,,,
,,,,,,,,,,,,,,,,,,,,,,,,,,,,,,,,,,
,,,,,,,,,,,,,,,,,,,,,,,,,,,,,,,,,,
,,,,,,,,,,,,,,,,,,,,,,,,,,,,,,,,,,
,,,,,,,,,,,,,,,,,,,,,,,,,,,,,,,,,,
,,,,,,,,,,,,,,,,,,,,,,,,,,,,,,,,,,
,,,,,,,,,,,,,,,,,,,,,,,,,,,,,,,,,,
,,,,,,,,,,,,,,,,,,,,,,,,,,,,,,,,,,
,,,,,,,,,,,,,,,,,,,,,,,,,,,,,,,,,,
,,,,,,,,,,,,,,,,,,,,,,,,,,,,,,,,,,
,,,,,,,,,,,,,,,,,,,,,,,,,,,,,,,,,,
,Avg:,#DIV/0!,#DIV/0!,#DIV/0!,#DIV/0!,#DIV/0!,#DIV/0!,#DIV/0!,,,,,,,,,,Avg:,,#DIV/0!,#DIV/0!,#DIV/0!,#DIV/0!,#DIV/0!,,,,,,,,,,
,Std:,#DIV/0!,#DIV/0!,#DIV/0!,#DIV/0!,#DIV/0!,#DIV/0!,#DIV/0!,,,,,,,,,,Std:,,#DIV/0!,#DIV/0!,#DIV/0!,#DIV/0!,#DIV/0!,,,,,,,,,,
,Confidence:,#DIV/0!,#DIV/0!,#DIV/0!,#DIV/0!,#DIV/0!,#DIV/0!,#DIV/0!,,,,,,,,,,Confidence:,,#DIV/0!,#DIV/0!,#DIV/0!,#DIV/0!,#DIV/0!,,,,,,,,,,
,,,,,,,,,,,,,,,,,,,,,,,,,,,,,,,,,,
,,,,,,,,,,,,,,,,,,,,,,,,,,,,,,,,,,
,,,,,,,,,,,,,,,,,,,,,,,,,,,,,,,,,,
,,,,,,,,,,,,,,,,,,,,,,,,,,,,,,,,,,
,,,,,,,,,,,,,,,,,,,,,,,,,,,,,,,,,,
,,,,,,,,,,,,,,,,,,,,,,,,,,,,,,,,,,
,,,,,,,,,,,,,,,,,,,,,,,,,,,,,,,,,,
,,,,,,,,,,,,,,,,,,,,,,,,,,,,,,,,,,
,,,,,,,,,,,,,,,,,,,,,,,,,,,,,,,,,,
,,,,,,,,,,,,,,,,,,,,,,,,,,,,,,,,,,
,,,,,,,,,,,,,,,,,,,,,,,,,,,,,,,,,,
,,,,,,,,,,,,,,,,,,,,,,,,,,,,,,,,,,
,Avg:,#DIV/0!,#DIV/0!,#DIV/0!,#DIV/0!,#DIV/0!,#DIV/0!,#DIV/0!,,,,,,,,,,Avg:,,#DIV/0!,#DIV/0!,#DIV/0!,#DIV/0!,#DIV/0!,,,,,,,,,,
,Std:,#DIV/0!,#DIV/0!,#DIV/0!,#DIV/0!,#DIV/0!,#DIV/0!,#DIV/0!,,,,,,,,,,Std:,,#DIV/0!,#DIV/0!,#DIV/0!,#DIV/0!,#DIV/0!,,,,,,,,,,
,Confidence:,#DIV/0!,#DIV/0!,#DIV/0!,#DIV/0!,#DIV/0!,#DIV/0!,#DIV/0!,,,,,,,,,,Confidence:,,#DIV/0!,#DIV/0!,#DIV/0!,#DIV/0!,#DIV/0!,,,,,,,,,,
,,,,,,,,,,,,,,,,,,,,,,,,,,,,,,,,,,
,,,,,,,,,,,,,,,,,,,,,,,,,,,,,,,,,,
,,,,,,,,,,,,,,,,,,,,,,,,,,,,,,,,,,
,,,,,,,,,,,,,,,,,,,,,,,,,,,,,,,,,,
,,,,,,,,,,,,,,,,,,,,,,,,,,,,,,,,,,
,,,,,,,,,,,,,,,,,,,,,,,,,,,,,,,,,,
,,,,,,,,,,,,,,,,,,,,,,,,,,,,,,,,,,
,,,,,,,,,,,,,,,,,,,,,,,,,,,,,,,,,,
,,,,,,,,,,,,,,,,,,,,,,,,,,,,,,,,,,
,,,,,,,,,,,,,,,,,,,,,,,,,,,,,,,,,,
,,,,,,,,,,,,,,,,,,,,,,,,,,,,,,,,,,
,,,,,,,,,,,,,,,,,,,,,,,,,,,,,,,,,,
,Avg:,#DIV/0!,#DIV/0!,#DIV/0!,#DIV/0!,#DIV/0!,#DIV/0!,#DIV/0!,,,,,,,,,,Avg:,,#DIV/0!,#DIV/0!,#DIV/0!,#DIV/0!,#DIV/0!,,,,,,,,,,
,Std:,#DIV/0!,#DIV/0!,#DIV/0!,#DIV/0!,#DIV/0!,#DIV/0!,#DIV/0!,,,,,,,,,,Std:,,#DIV/0!,#DIV/0!,#DIV/0!,#DIV/0!,#DIV/0!,,,,,,,,,,
,Confidence:,#DIV/0!,#DIV/0!,#DIV/0!,#DIV/0!,#DIV/0!,#DIV/0!,#DIV/0!,,,,,,,,,,Confidence:,,#DIV/0!,#DIV/0!,#DIV/0!,#DIV/0!,#DIV/0!,,,,,,,,,,
,,,,,,,,,,,,,,,,,,,,,,,,,,,,,,,,,,
,,,,,,,,,,,,,,,,,,,,,,,,,,,,,,,,,,
,,,,,,,,,,,,,,,,,,,,,,,,,,,,,,,,,,
,,,,,,,,,,,,,,,,,,,,,,,,,,,,,,,,,,
,,,,,,,,,,,,,,,,,,,,,,,,,,,,,,,,,,
,,,,,,,,,,,,,,,,,,,,,,,,,,,,,,,,,,
,,,,,,,,,,,,,,,,,,,,,,,,,,,,,,,,,,
,,,,,,,,,,,,,,,,,,,,,,,,,,,,,,,,,,
,,,,,,,,,,,,,,,,,,,,,,,,,,,,,,,,,,
,,,,,,,,,,,,,,,,,,,,,,,,,,,,,,,,,,
,,,,,,,,,,,,,,,,,,,,,,,,,,,,,,,,,,
,,,,,,,,,,,,,,,,,,,,,,,,,,,,,,,,,,
,Avg:,#DIV/0!,#DIV/0!,#DIV/0!,#DIV/0!,#DIV/0!,#DIV/0!,#DIV/0!,,,,,,,,,,Avg:,,#DIV/0!,#DIV/0!,#DIV/0!,#DIV/0!,#DIV/0!,,,,,,,,,,
,Std:,#DIV/0!,#DIV/0!,#DIV/0!,#DIV/0!,#DIV/0!,#DIV/0!,#DIV/0!,,,,,,,,,,Std:,,#DIV/0!,#DIV/0!,#DIV/0!,#DIV/0!,#DIV/0!,,,,,,,,,,
,Confidence:,#DIV/0!,#DIV/0!,#DIV/0!,#DIV/0!,#DIV/0!,#DIV/0!,#DIV/0!,,,,,,,,,,Confidence:,,#DIV/0!,#DIV/0!,#DIV/0!,#DIV/0!,#DIV/0!,,,,,,,,,,
,,,,,,,,,,,,,,,,,,,,,,,,,,,,,,,,,,
,,,,,,,,,,,,,,,,,,,,,,,,,,,,,,,,,,
"Reversed embeddings,  nearest neigh",,,,,,,,,,,,,,,,,,,,,,,,,,,,,,,,,,
,,,,,,,,,,,,,,,,,,,,,,,,,,,,,,,,,,
,,,,,,,,,,,,,,,,,,,,,,,,,,,,,,,,,,
,,,,,,,,,,,,,,,,,,,,,,,,,,,,,,,,,,
,,,,,,,,,,,,,,,,,,,,,,,,,,,,,,,,,,
,,,,,,,,,,,,,,,,,,,,,,,,,,,,,,,,,,
,,,,,,,,,,,,,,,,,,,,,,,,,,,,,,,,,,
,,,,,,,,,,,,,,,,,,,,,,,,,,,,,,,,,,
,,,,,,,,,,,,,,,,,,,,,,,,,,,,,,,,,,
,,,,,,,,,,,,,,,,,,,,,,,,,,,,,,,,,,
,,,,,,,,,,,,,,,,,,,,,,,,,,,,,,,,,,
,,,,,,,,,,,,,,,,,,,,,,,,,,,,,,,,,,
,,,,,,,,,,,,,,,,,,,,,,,,,,,,,,,,,,
,Avg:,#DIV/0!,#DIV/0!,#DIV/0!,#DIV/0!,#DIV/0!,#DIV/0!,#DIV/0!,,,,,,,,,,Avg:,,#DIV/0!,#DIV/0!,#DIV/0!,#DIV/0!,#DIV/0!,,,,,,,,,,
,Std:,#DIV/0!,#DIV/0!,#DIV/0!,#DIV/0!,#DIV/0!,#DIV/0!,#DIV/0!,,,,,,,,,,Std:,,#DIV/0!,#DIV/0!,#DIV/0!,#DIV/0!,#DIV/0!,,,,,,,,,,
,Confidence:,#DIV/0!,#DIV/0!,#DIV/0!,#DIV/0!,#DIV/0!,#DIV/0!,#DIV/0!,,,,,,,,,,Confidence:,,#DIV/0!,#DIV/0!,#DIV/0!,#DIV/0!,#DIV/0!,,,,,,,,,,
,,,,,,,,,,,,,,,,,,,,,,,,,,,,,,,,,,
,,,,,,,,,,,,,,,,,,,,,,,,,,,,,,,,,,
,,,,,,,,,,,,,,,,,,,,,,,,,,,,,,,,,,
,,,,,,,,,,,,,,,,,,,,,,,,,,,,,,,,,,
,,,,,,,,,,,,,,,,,,,,,,,,,,,,,,,,,,
,,,,,,,,,,,,,,,,,,,,,,,,,,,,,,,,,,
,,,,,,,,,,,,,,,,,,,,,,,,,,,,,,,,,,
,,,,,,,,,,,,,,,,,,,,,,,,,,,,,,,,,,
,,,,,,,,,,,,,,,,,,,,,,,,,,,,,,,,,,
,,,,,,,,,,,,,,,,,,,,,,,,,,,,,,,,,,
,,,,,,,,,,,,,,,,,,,,,,,,,,,,,,,,,,
,,,,,,,,,,,,,,,,,,,,,,,,,,,,,,,,,,
,Avg:,#DIV/0!,#DIV/0!,#DIV/0!,#DIV/0!,#DIV/0!,#DIV/0!,#DIV/0!,,,,,,,,,,Avg:,,#DIV/0!,#DIV/0!,#DIV/0!,#DIV/0!,#DIV/0!,,,,,,,,,,
,Std:,#DIV/0!,#DIV/0!,#DIV/0!,#DIV/0!,#DIV/0!,#DIV/0!,#DIV/0!,,,,,,,,,,Std:,,#DIV/0!,#DIV/0!,#DIV/0!,#DIV/0!,#DIV/0!,,,,,,,,,,
,Confidence:,#DIV/0!,#DIV/0!,#DIV/0!,#DIV/0!,#DIV/0!,#DIV/0!,#DIV/0!,,,,,,,,,,Confidence:,,#DIV/0!,#DIV/0!,#DIV/0!,#DIV/0!,#DIV/0!,,,,,,,,,,
,,,,,,,,,,,,,,,,,,,,,,,,,,,,,,,,,,
,,,,,,,,,,,,,,,,,,,,,,,,,,,,,,,,,,
,,,,,,,,,,,,,,,,,,,,,,,,,,,,,,,,,,
,,,,,,,,,,,,,,,,,,,,,,,,,,,,,,,,,,
,,,,,,,,,,,,,,,,,,,,,,,,,,,,,,,,,,
,,,,,,,,,,,,,,,,,,,,,,,,,,,,,,,,,,
,,,,,,,,,,,,,,,,,,,,,,,,,,,,,,,,,,
,,,,,,,,,,,,,,,,,,,,,,,,,,,,,,,,,,
,,,,,,,,,,,,,,,,,,,,,,,,,,,,,,,,,,
,,,,,,,,,,,,,,,,,,,,,,,,,,,,,,,,,,
,,,,,,,,,,,,,,,,,,,,,,,,,,,,,,,,,,
,,,,,,,,,,,,,,,,,,,,,,,,,,,,,,,,,,
,Avg:,#DIV/0!,#DIV/0!,#DIV/0!,#DIV/0!,#DIV/0!,#DIV/0!,#DIV/0!,,,,,,,,,,Avg:,,#DIV/0!,#DIV/0!,#DIV/0!,#DIV/0!,#DIV/0!,,,,,,,,,,
,Std:,#DIV/0!,#DIV/0!,#DIV/0!,#DIV/0!,#DIV/0!,#DIV/0!,#DIV/0!,,,,,,,,,,Std:,,#DIV/0!,#DIV/0!,#DIV/0!,#DIV/0!,#DIV/0!,,,,,,,,,,
,Confidence:,#DIV/0!,#DIV/0!,#DIV/0!,#DIV/0!,#DIV/0!,#DIV/0!,#DIV/0!,,,,,,,,,,Confidence:,,#DIV/0!,#DIV/0!,#DIV/0!,#DIV/0!,#DIV/0!,,,,,,,,,,
,,,,,,,,,,,,,,,,,,,,,,,,,,,,,,,,,,
,,,,,,,,,,,,,,,,,,,,,,,,,,,,,,,,,,
,,,,,,,,,,,,,,,,,,,,,,,,,,,,,,,,,,
,,,,,,,,,,,,,,,,,,,,,,,,,,,,,,,,,,
,,,,,,,,,,,,,,,,,,,,,,,,,,,,,,,,,,
,,,,,,,,,,,,,,,,,,,,,,,,,,,,,,,,,,
,,,,,,,,,,,,,,,,,,,,,,,,,,,,,,,,,,
,,,,,,,,,,,,,,,,,,,,,,,,,,,,,,,,,,
,,,,,,,,,,,,,,,,,,,,,,,,,,,,,,,,,,
,,,,,,,,,,,,,,,,,,,,,,,,,,,,,,,,,,
,,,,,,,,,,,,,,,,,,,,,,,,,,,,,,,,,,
,,,,,,,,,,,,,,,,,,,,,,,,,,,,,,,,,,
,Avg:,#DIV/0!,#DIV/0!,#DIV/0!,#DIV/0!,#DIV/0!,#DIV/0!,#DIV/0!,,,,,,,,,,Avg:,,#DIV/0!,#DIV/0!,#DIV/0!,#DIV/0!,#DIV/0!,,,,,,,,,,
,Std:,#DIV/0!,#DIV/0!,#DIV/0!,#DIV/0!,#DIV/0!,#DIV/0!,#DIV/0!,,,,,,,,,,Std:,,#DIV/0!,#DIV/0!,#DIV/0!,#DIV/0!,#DIV/0!,,,,,,,,,,
,Confidence:,#DIV/0!,#DIV/0!,#DIV/0!,#DIV/0!,#DIV/0!,#DIV/0!,#DIV/0!,,,,,,,,,,Confidence:,,#DIV/0!,#DIV/0!,#DIV/0!,#DIV/0!,#DIV/0!,,,,,,,,,,
,,,,,,,,,,,,,,,,,,,,,,,,,,,,,,,,,,
,,,,,,,,,,,,,,,,,,,,,,,,,,,,,,,,,,
,,,,,,,,,,,,,,,,,,,,,,,,,,,,,,,,,,
,,,,,,,,,,,,,,,,,,,,,,,,,,,,,,,,,,
,,,,,,,,,,,,,,,,,,,,,,,,,,,,,,,,,,
,,,,,,,,,,,,,,,,,,,,,,,,,,,,,,,,,,
,,,,,,,,,,,,,,,,,,,,,,,,,,,,,,,,,,
,,,,,,,,,,,,,,,,,,,,,,,,,,,,,,,,,,
,,,,,,,,,,,,,,,,,,,,,,,,,,,,,,,,,,
,,,,,,,,,,,,,,,,,,,,,,,,,,,,,,,,,,
,,,,,,,,,,,,,,,,,,,,,,,,,,,,,,,,,,
,,,,,,,,,,,,,,,,,,,,,,,,,,,,,,,,,,
,Avg:,#DIV/0!,#DIV/0!,#DIV/0!,#DIV/0!,#DIV/0!,#DIV/0!,#DIV/0!,,,,,,,,,,Avg:,,#DIV/0!,#DIV/0!,#DIV/0!,#DIV/0!,#DIV/0!,,,,,,,,,,
,Std:,#DIV/0!,#DIV/0!,#DIV/0!,#DIV/0!,#DIV/0!,#DIV/0!,#DIV/0!,,,,,,,,,,Std:,,#DIV/0!,#DIV/0!,#DIV/0!,#DIV/0!,#DIV/0!,,,,,,,,,,
,Confidence:,#DIV/0!,#DIV/0!,#DIV/0!,#DIV/0!,#DIV/0!,#DIV/0!,#DIV/0!,,,,,,,,,,Confidence:,,#DIV/0!,#DIV/0!,#DIV/0!,#DIV/0!,#DIV/0!,,,,,,,,,,
,,,,,,,,,,,,,,,,,,,,,,,,,,,,,,,,,,
,,,,,,,,,,,,,,,,,,,,,,,,,,,,,,,,,,
,,,,,,,,,,,,,,,,,,,,,,,,,,,,,,,,,,
,,,,,,,,,,,,,,,,,,,,,,,,,,,,,,,,,,
,,,,,,,,,,,,,,,,,,,,,,,,,,,,,,,,,,
,,,,,,,,,,,,,,,,,,,,,,,,,,,,,,,,,,
,,,,,,,,,,,,,,,,,,,,,,,,,,,,,,,,,,
,,,,,,,,,,,,,,,,,,,,,,,,,,,,,,,,,,
,,,,,,,,,,,,,,,,,,,,,,,,,,,,,,,,,,
,,,,,,,,,,,,,,,,,,,,,,,,,,,,,,,,,,
,,,,,,,,,,,,,,,,,,,,,,,,,,,,,,,,,,
,,,,,,,,,,,,,,,,,,,,,,,,,,,,,,,,,,
,Avg:,#DIV/0!,#DIV/0!,#DIV/0!,#DIV/0!,#DIV/0!,#DIV/0!,#DIV/0!,,,,,,,,,,Avg:,,#DIV/0!,#DIV/0!,#DIV/0!,#DIV/0!,#DIV/0!,,,,,,,,,,
,Std:,#DIV/0!,#DIV/0!,#DIV/0!,#DIV/0!,#DIV/0!,#DIV/0!,#DIV/0!,,,,,,,,,,Std:,,#DIV/0!,#DIV/0!,#DIV/0!,#DIV/0!,#DIV/0!,,,,,,,,,,
,Confidence:,#DIV/0!,#DIV/0!,#DIV/0!,#DIV/0!,#DIV/0!,#DIV/0!,#DIV/0!,,,,,,,,,,Confidence:,,#DIV/0!,#DIV/0!,#DIV/0!,#DIV/0!,#DIV/0!,,,,,,,,,,
,,,,,,,,,,,,,,,,,,,,,,,,,,,,,,,,,,
,,,,,,,,,,,,,,,,,,,,,,,,,,,,,,,,,,
,,,,,,,,,,,,,,,,,,,,,,,,,,,,,,,,,,
,,,,,,,,,,,,,,,,,,,,,,,,,,,,,,,,,,
,,,,,,,,,,,,,,,,,,,,,,,,,,,,,,,,,,
,,,,,,,,,,,,,,,,,,,,,,,,,,,,,,,,,,
,,,,,,,,,,,,,,,,,,,,,,,,,,,,,,,,,,
,,,,,,,,,,,,,,,,,,,,,,,,,,,,,,,,,,
,,,,,,,,,,,,,,,,,,,,,,,,,,,,,,,,,,
,,,,,,,,,,,,,,,,,,,,,,,,,,,,,,,,,,
,,,,,,,,,,,,,,,,,,,,,,,,,,,,,,,,,,
,,,,,,,,,,,,,,,,,,,,,,,,,,,,,,,,,,
,Avg:,#DIV/0!,#DIV/0!,#DIV/0!,#DIV/0!,#DIV/0!,#DIV/0!,#DIV/0!,,,,,,,,,,Avg:,,#DIV/0!,#DIV/0!,#DIV/0!,#DIV/0!,#DIV/0!,,,,,,,,,,
,Std:,#DIV/0!,#DIV/0!,#DIV/0!,#DIV/0!,#DIV/0!,#DIV/0!,#DIV/0!,,,,,,,,,,Std:,,#DIV/0!,#DIV/0!,#DIV/0!,#DIV/0!,#DIV/0!,,,,,,,,,,
,Confidence:,#DIV/0!,#DIV/0!,#DIV/0!,#DIV/0!,#DIV/0!,#DIV/0!,#DIV/0!,,,,,,,,,,Confidence:,,#DIV/0!,#DIV/0!,#DIV/0!,#DIV/0!,#DIV/0!,,,,,,,,,,
,,,,,,,,,,,,,,,,,,,,,,,,,,,,,,,,,,
,,,,,,,,,,,,,,,,,,,,,,,,,,,,,,,,,,
,,,,,,,,,,,,,,,,,,,,,,,,,,,,,,,,,,
,,,,,,,,,,,,,,,,,,,,,,,,,,,,,,,,,,
,,,,,,,,,,,,,,,,,,,,,,,,,,,,,,,,,,
,,,,,,,,,,,,,,,,,,,,,,,,,,,,,,,,,,
,,,,,,,,,,,,,,,,,,,,,,,,,,,,,,,,,,
,,,,,,,,,,,,,,,,,,,,,,,,,,,,,,,,,,
,,,,,,,,,,,,,,,,,,,,,,,,,,,,,,,,,,
,,,,,,,,,,,,,,,,,,,,,,,,,,,,,,,,,,
,,,,,,,,,,,,,,,,,,,,,,,,,,,,,,,,,,
,,,,,,,,,,,,,,,,,,,,,,,,,,,,,,,,,,
,Avg:,#DIV/0!,#DIV/0!,#DIV/0!,#DIV/0!,#DIV/0!,#DIV/0!,#DIV/0!,,,,,,,,,,Avg:,,#DIV/0!,#DIV/0!,#DIV/0!,#DIV/0!,#DIV/0!,,,,,,,,,,
,Std:,#DIV/0!,#DIV/0!,#DIV/0!,#DIV/0!,#DIV/0!,#DIV/0!,#DIV/0!,,,,,,,,,,Std:,,#DIV/0!,#DIV/0!,#DIV/0!,#DIV/0!,#DIV/0!,,,,,,,,,,
,Confidence:,#DIV/0!,#DIV/0!,#DIV/0!,#DIV/0!,#DIV/0!,#DIV/0!,#DIV/0!,,,,,,,,,,Confidence:,,#DIV/0!,#DIV/0!,#DIV/0!,#DIV/0!,#DIV/0!,,,,,,,,,,
,,,,,,,,,,,,,,,,,,,,,,,,,,,,,,,,,,
,,,,,,,,,,,,,,,,,,,,,,,,,,,,,,,,,,
,,,,,,,,,,,,,,,,,,,,,,,,,,,,,,,,,,
,,,,,,,,,,,,,,,,,,,,,,,,,,,,,,,,,,
,,,,,,,,,,,,,,,,,,,,,,,,,,,,,,,,,,
,,,,,,,,,,,,,,,,,,,,,,,,,,,,,,,,,,
,,,,,,,,,,,,,,,,,,,,,,,,,,,,,,,,,,
,,,,,,,,,,,,,,,,,,,,,,,,,,,,,,,,,,
,,,,,,,,,,,,,,,,,,,,,,,,,,,,,,,,,,
,,,,,,,,,,,,,,,,,,,,,,,,,,,,,,,,,,
,,,,,,,,,,,,,,,,,,,,,,,,,,,,,,,,,,
,,,,,,,,,,,,,,,,,,,,,,,,,,,,,,,,,,
,Avg:,#DIV/0!,#DIV/0!,#DIV/0!,#DIV/0!,#DIV/0!,#DIV/0!,#DIV/0!,,,,,,,,,,Avg:,,#DIV/0!,#DIV/0!,#DIV/0!,#DIV/0!,#DIV/0!,,,,,,,,,,
,Std:,#DIV/0!,#DIV/0!,#DIV/0!,#DIV/0!,#DIV/0!,#DIV/0!,#DIV/0!,,,,,,,,,,Std:,,#DIV/0!,#DIV/0!,#DIV/0!,#DIV/0!,#DIV/0!,,,,,,,,,,
,Confidence:,#DIV/0!,#DIV/0!,#DIV/0!,#DIV/0!,#DIV/0!,#DIV/0!,#DIV/0!,,,,,,,,,,Confidence:,,#DIV/0!,#DIV/0!,#DIV/0!,#DIV/0!,#DIV/0!,,,,,,,,,,
,,,,,,,,,,,,,,,,,,,,,,,,,,,,,,,,,,
,,,,,,,,,,,,,,,,,,,,,,,,,,,,,,,,,,
,,,,,,,,,,,,,,,,,,,,,,,,,,,,,,,,,,
,,,,,,,,,,,,,,,,,,,,,,,,,,,,,,,,,,
,,,,,,,,,,,,,,,,,,,,,,,,,,,,,,,,,,
,,,,,,,,,,,,,,,,,,,,,,,,,,,,,,,,,,
,,,,,,,,,,,,,,,,,,,,,,,,,,,,,,,,,,
,,,,,,,,,,,,,,,,,,,,,,,,,,,,,,,,,,
,,,,,,,,,,,,,,,,,,,,,,,,,,,,,,,,,,
,,,,,,,,,,,,,,,,,,,,,,,,,,,,,,,,,,
,,,,,,,,,,,,,,,,,,,,,,,,,,,,,,,,,,
,,,,,,,,,,,,,,,,,,,,,,,,,,,,,,,,,,
,Avg:,#DIV/0!,#DIV/0!,#DIV/0!,#DIV/0!,#DIV/0!,#DIV/0!,#DIV/0!,,,,,,,,,,Avg:,,#DIV/0!,#DIV/0!,#DIV/0!,#DIV/0!,#DIV/0!,,,,,,,,,,
,Std:,#DIV/0!,#DIV/0!,#DIV/0!,#DIV/0!,#DIV/0!,#DIV/0!,#DIV/0!,,,,,,,,,,Std:,,#DIV/0!,#DIV/0!,#DIV/0!,#DIV/0!,#DIV/0!,,,,,,,,,,
,Confidence:,#DIV/0!,#DIV/0!,#DIV/0!,#DIV/0!,#DIV/0!,#DIV/0!,#DIV/0!,,,,,,,,,,Confidence:,,#DIV/0!,#DIV/0!,#DIV/0!,#DIV/0!,#DIV/0!,,,,,,,,,,
,,,,,,,,,,,,,,,,,,,,,,,,,,,,,,,,,,
,,,,,,,,,,,,,,,,,,,,,,,,,,,,,,,,,,
,,,,,,,,,,,,,,,,,,,,,,,,,,,,,,,,,,
,,,,,,,,,,,,,,,,,,,,,,,,,,,,,,,,,,
,,,,,,,,,,,,,,,,,,,,,,,,,,,,,,,,,,
,,,,,,,,,,,,,,,,,,,,,,,,,,,,,,,,,,
,,,,,,,,,,,,,,,,,,,,,,,,,,,,,,,,,,
,,,,,,,,,,,,,,,,,,,,,,,,,,,,,,,,,,
,,,,,,,,,,,,,,,,,,,,,,,,,,,,,,,,,,
,,,,,,,,,,,,,,,,,,,,,,,,,,,,,,,,,,
,,,,,,,,,,,,,,,,,,,,,,,,,,,,,,,,,,
,,,,,,,,,,,,,,,,,,,,,,,,,,,,,,,,,,
,Avg:,#DIV/0!,#DIV/0!,#DIV/0!,#DIV/0!,#DIV/0!,#DIV/0!,#DIV/0!,,,,,,,,,,Avg:,,#DIV/0!,#DIV/0!,#DIV/0!,#DIV/0!,#DIV/0!,,,,,,,,,,
,Std:,#DIV/0!,#DIV/0!,#DIV/0!,#DIV/0!,#DIV/0!,#DIV/0!,#DIV/0!,,,,,,,,,,Std:,,#DIV/0!,#DIV/0!,#DIV/0!,#DIV/0!,#DIV/0!,,,,,,,,,,
,Confidence:,#DIV/0!,#DIV/0!,#DIV/0!,#DIV/0!,#DIV/0!,#DIV/0!,#DIV/0!,,,,,,,,,,Confidence:,,#DIV/0!,#DIV/0!,#DIV/0!,#DIV/0!,#DIV/0!,,,,,,,,,,
,,,,,,,,,,,,,,,,,,,,,,,,,,,,,,,,,,
,,,,,,,,,,,,,,,,,,,,,,,,,,,,,,,,,,
,,,,,,,,,,,,,,,,,,,,,,,,,,,,,,,,,,
,,,,,,,,,,,,,,,,,,,,,,,,,,,,,,,,,,
,,,,,,,,,,,,,,,,,,,,,,,,,,,,,,,,,,
,,,,,,,,,,,,,,,,,,,,,,,,,,,,,,,,,,
,,,,,,,,,,,,,,,,,,,,,,,,,,,,,,,,,,
,,,,,,,,,,,,,,,,,,,,,,,,,,,,,,,,,,
,,,,,,,,,,,,,,,,,,,,,,,,,,,,,,,,,,
,,,,,,,,,,,,,,,,,,,,,,,,,,,,,,,,,,
,,,,,,,,,,,,,,,,,,,,,,,,,,,,,,,,,,
,,,,,,,,,,,,,,,,,,,,,,,,,,,,,,,,,,
,Avg:,#DIV/0!,#DIV/0!,#DIV/0!,#DIV/0!,#DIV/0!,#DIV/0!,#DIV/0!,,,,,,,,,,Avg:,,#DIV/0!,#DIV/0!,#DIV/0!,#DIV/0!,#DIV/0!,,,,,,,,,,
,Std:,#DIV/0!,#DIV/0!,#DIV/0!,#DIV/0!,#DIV/0!,#DIV/0!,#DIV/0!,,,,,,,,,,Std:,,#DIV/0!,#DIV/0!,#DIV/0!,#DIV/0!,#DIV/0!,,,,,,,,,,
,Confidence:,#DIV/0!,#DIV/0!,#DIV/0!,#DIV/0!,#DIV/0!,#DIV/0!,#DIV/0!,,,,,,,,,,Confidence:,,#DIV/0!,#DIV/0!,#DIV/0!,#DIV/0!,#DIV/0!,,,,,,,,,,
